employee_id,employee_name,current_role,skills,dateofbirth,dateofjoining,email,mobile_number,Address
421,Glen Wood,junior data engineer,ETL,1984-10-05,2005-05-03,xbrady@example.net,288-735-2226x36271,"509 Martinez Viaduct Apt. 872, Whitebury, NM 27043"
488,Mark Underwood,senior data engineer,Data Lakes,1974-03-09,2009-12-24,ywhite@example.org,873-855-6116x181,"82091 Riley Trail Suite 407, Tinaland, AR 46285"
272,George Smith,junior data analyst,Tableau,1972-09-18,2012-02-02,blake03@example.net,+1-999-358-4614x42755,"27641 Austin Shores, Port Jose, GU 08041"
355,Fred Butler,senior data engineer,Spark,1982-11-03,2010-06-27,randy40@example.com,(754)878-5042,"381 Brian Turnpike, Port Chelseaburgh, VT 01848"
35,Kelly Bryant,junior data engineer,Python,1961-11-11,2013-09-14,davisandrew@example.net,001-304-785-9973x8570,"PSC 1740, Box 0313, APO AE 25590"
369,Joshua Cummings,senior data analyst,Statistics,1955-04-30,2014-07-17,robert78@example.net,001-938-779-8093x127,"PSC 2932, Box 1592, APO AE 12269"
238,Kevin Montes,junior data analyst,SQL,1954-08-11,2017-10-30,kimberly36@example.org,278.731.9037x99819,"USNV Suarez, FPO AE 33601"
27,Heather Newton,junior data engineer,ETL,1989-01-04,2005-01-17,jose98@example.com,506-472-5658,"6763 Holland Lane Suite 481, East Geoffreybury, HI 97622"
146,Daniel Johnson,junior data analyst,Tableau,1969-01-31,2006-05-13,lkeller@example.org,(953)437-5598x02233,"8656 Jennifer Viaduct Suite 186, Hendersonport, NH 36065"
340,Brenda Sullivan,junior software engineer,CSS,2000-03-15,2005-09-10,barnesmichelle@example.org,2638309332,"0489 Harmon Gardens Apt. 359, Louiston, ME 14369"
384,Herbert Frost,junior software engineer,HTML,1973-01-06,2017-03-15,hlowe@example.net,001-269-450-0182x81946,"958 Joseph Roads, Port Kristen, MO 15502"
483,John Wood,senior data engineer,Hadoop,1979-12-11,2017-03-06,mistyblake@example.com,579.448.6433x0840,"80377 Greene Crossing, Bryanchester, MP 55432"
14,Sierra Martinez,senior software engineer,Cloud Computing,1993-11-10,2007-08-19,cadams@example.net,759.712.6829,"1207 Dana Hills Suite 889, New Kellyfurt, HI 53983"
223,Brenda Gardner,senior data analyst,Predictive Analytics,1981-03-06,2004-11-13,figueroaterri@example.com,924.326.9223,"64544 Cynthia Garden, Murillohaven, PA 75393"
496,Kevin Moran,senior software engineer,Cloud Computing,1990-07-17,2019-09-12,terrenceedwards@example.com,(605)793-4257x21788,"493 Brenda Heights, Morrisview, GA 05980"
195,Karen Moore,junior data engineer,Python,1983-09-10,2014-02-20,williamle@example.org,9974041690,"2873 Michael Isle, New Lesliehaven, FM 71316"
67,Jessica Cochran,junior data analyst,Tableau,1962-06-23,2007-10-07,morawilliam@example.org,283-245-4131x123,"720 Ibarra Hollow, Kennethburgh, CT 99591"
164,Gregory Valentine,senior data engineer,Spark,1953-12-12,2009-07-20,nicholas46@example.com,415.836.4299x919,"954 Ashley Ramp, East Robert, AZ 70212"
316,Wanda Moore,junior software engineer,HTML,1971-01-10,2015-06-18,holly34@example.com,+1-832-996-6272x013,"8808 Tyler Circle Apt. 522, Sethchester, NH 84476"
127,Mr. James Acosta,junior data analyst,SQL,1988-03-21,2021-05-24,danielle55@example.org,+1-438-250-9469,"08871 Sharon Ridge Suite 138, Scottborough, IL 89358"
102,Holly Barnes,senior software engineer,DevOps,1998-09-24,2015-07-16,tiffanydean@example.com,001-567-704-7592x81263,"8279 Coleman Station, Port Jaime, RI 53951"
401,William Harrison,senior data analyst,Data Modeling,2001-04-06,2009-11-04,aschultz@example.com,955-898-6475,"USNV Beard, FPO AP 85044"
46,Patrick Moreno,senior data engineer,Hadoop,1978-01-04,2019-09-09,martinjohnny@example.net,(330)943-3299,"PSC 3302, Box 9922, APO AP 32701"
369,Virginia Green,senior data analyst,Data Modeling,1982-09-07,2021-02-01,aroach@example.net,9762096386,"1387 Noble Field Suite 877, South Jenniferfort, OK 84797"
88,Edwin Taylor,junior data analyst,SQL,1955-05-18,2018-07-27,williampeterson@example.com,(951)901-4648x01814,"83839 Thompson Ridge, Lesliebury, DE 80047"
163,Emily Vasquez,senior data scientist,TensorFlow,1988-04-03,2020-03-09,nelsonrichard@example.com,402.425.4258x4693,"Unit 2554 Box 0593, DPO AE 07703"
200,Miranda Hardy,senior data analyst,Predictive Analytics,1964-02-07,2016-07-11,david50@example.com,(248)526-9697x37712,"45026 Murphy Motorway, Cynthiaview, GA 31177"
363,Andrea Bishop,junior data scientist,Python,1977-11-27,2005-08-11,mitchellkaren@example.net,836.973.9600,"PSC 9093, Box 7272, APO AE 55702"
331,Nathaniel Alexander,senior data analyst,Data Modeling,1988-04-30,2014-08-24,gilberthunt@example.com,001-934-685-1302,"75412 Matthew Locks Suite 357, Wilsonchester, TN 15314"
68,Mary Clark,senior data engineer,Spark,2005-10-30,2015-02-20,justinsmith@example.com,2433458592,"92245 Terry Union, Alexismouth, CA 10403"
94,Natalie Zhang,senior data scientist,TensorFlow,1968-01-11,2019-08-18,joycecannon@example.org,533.786.2767x645,"Unit 1945 Box 3704, DPO AP 27172"
1,Brandon Griffin,junior data analyst,SQL,1954-08-03,2015-08-20,kristinareid@example.com,561-670-7169,"6775 David Harbor, Marcusside, NM 04766"
233,Patrick Myers,junior data analyst,Tableau,1966-09-10,2018-06-27,melissa97@example.net,234.204.6631,"14187 Davis Tunnel Suite 865, New Stephanie, ME 78458"
153,Steven Doyle,senior data scientist,TensorFlow,1984-12-02,2006-06-29,oadams@example.org,6526785508,"84964 Bailey Trail Suite 503, North Lindamouth, SC 99147"
214,Dawn Carr,junior software engineer,CSS,1991-08-30,2018-08-26,hsmith@example.net,(936)962-0507x4729,"834 Mitchell Trail Apt. 104, Rosschester, MH 55002"
226,Terri Martin,junior software engineer,JavaScript,1976-10-22,2013-03-28,andrew74@example.org,+1-681-211-4290,"96860 Smith Throughway Apt. 529, Allisonbury, WV 90099"
495,Ronald Moss,junior software engineer,JavaScript,2000-05-08,2012-01-29,shernandez@example.org,429-279-4525x94045,"48118 Michael Curve Suite 585, North Annette, NM 01185"
104,Lisa Munoz,senior data analyst,Statistics,1956-07-10,2022-01-11,jodytran@example.org,(223)858-0081x10686,"608 Dominguez Heights, Ramirezburgh, MN 17675"
226,Douglas Anderson,senior data engineer,Spark,1956-03-28,2014-10-13,nolsen@example.com,+1-439-452-1117x8612,"USNS Ramirez, FPO AA 29113"
123,Marie Malone,senior software engineer,DevOps,1996-10-28,2023-01-28,scollins@example.com,3168646007,"6865 Timothy Flat Suite 267, Byrdton, IA 23457"
78,Thomas Garza,senior data scientist,TensorFlow,1983-05-02,2020-03-18,hurleymatthew@example.com,598.602.1311x52116,"365 Dillon Hollow, Johnsonhaven, PA 61156"
100,Richard Scott,junior software engineer,CSS,1979-06-09,2012-11-08,gregoryhansen@example.org,+1-341-304-5504,"3190 Potter Forges Suite 440, Port Veronicahaven, NM 79918"
168,Lauren Simmons,senior software engineer,Microservices,1983-03-22,2020-02-11,steven83@example.net,4082493325,"947 Michael Unions Apt. 353, Richardsonport, MA 72638"
267,Shawn Roberts,senior data analyst,Statistics,1973-12-02,2019-03-05,jasminestanley@example.net,001-680-313-0947x72612,"5171 Misty Radial, Zacharychester, WV 82029"
117,Gloria Williams,senior data scientist,TensorFlow,1995-04-02,2021-09-13,woodamy@example.org,232.576.7327,"707 Hansen Orchard, Raymondbury, MT 43605"
267,Megan Estrada,junior software engineer,JavaScript,1999-09-04,2016-04-22,udavis@example.com,295.849.5838,"1278 Crawford Ports Suite 505, Lake Monicaport, DE 06561"
421,Charles Randall,junior data scientist,SQL,1991-07-13,2007-07-24,rangelamanda@example.net,674-879-1891x51853,"1951 Beard Path, Antoniohaven, TX 29532"
333,Tyrone Pierce,senior data engineer,Hadoop,1965-03-01,2023-01-27,coxjack@example.com,244.739.5013x17884,"904 Jennifer Pass, Blackhaven, VT 42303"
229,Laura Smith,junior data engineer,Data Warehousing,1980-02-11,2008-01-15,samantha02@example.com,984.547.4637,"358 Franklin Corner, Nicolestad, GU 90908"
228,Kevin Ramos,senior software engineer,DevOps,1985-05-20,2005-09-04,nmitchell@example.net,764.981.9553x8168,"2772 Shane Union Apt. 121, Frederickport, TX 29478"
444,Todd Duncan,senior data engineer,Data Lakes,1954-02-14,2019-07-19,careyrobert@example.org,661-662-1468,"USCGC Larsen, FPO AE 78727"
354,Jason Ayers,junior data engineer,ETL,1985-11-29,2007-06-24,watsonjake@example.net,481-798-9405x40188,"156 Janet Station Apt. 851, South Christopherhaven, RI 52202"
405,Sabrina Wright,junior data analyst,Tableau,1985-05-08,2023-07-05,sharonhorn@example.org,+1-508-505-9498x3378,"PSC 9475, Box 8592, APO AP 76833"
181,Brady Luna,junior software engineer,JavaScript,1969-05-11,2020-07-24,hollowaydanielle@example.com,+1-257-848-8159x0861,"3164 Jerry Cape Suite 842, East Jamesport, DC 73209"
10,Nicole Paul,senior software engineer,Microservices,1960-03-30,2019-12-27,burtonerin@example.com,(534)207-9176x913,"740 Henderson Course Apt. 019, Lake Matthew, VA 73498"
139,Scott Norman,junior data scientist,Python,1993-05-31,2014-10-24,williamspeter@example.com,(890)504-1507x722,"99792 Joshua Hollow Apt. 660, Patrickhaven, AR 06984"
378,John Frazier,senior data analyst,Statistics,1989-08-07,2019-05-22,johnpowell@example.com,515-785-3793x11354,"USNS Espinoza, FPO AE 56224"
471,Patricia Obrien,junior data analyst,Excel,1978-09-05,2011-07-07,cfoley@example.net,001-794-350-6992x000,"4035 Lawrence Wall Suite 984, Craigburgh, OK 18065"
263,Johnny Howard,senior data analyst,Statistics,1958-01-28,2005-03-08,donna75@example.net,519.677.7112,"Unit 3291 Box 8929, DPO AE 45277"
243,Dustin Wheeler,junior data scientist,Data Visualization,1993-02-24,2022-10-24,danawest@example.com,870.940.5263,"434 Scott Forges Suite 374, Karenchester, ND 47877"
378,William Anderson,junior data analyst,SQL,1997-10-05,2014-06-25,janicetucker@example.net,649-503-1695x928,"Unit 4982 Box 9552, DPO AA 28494"
363,Gregg Lucero,senior data analyst,Statistics,1978-11-14,2005-05-03,jenkinskendra@example.com,001-733-876-6086x8437,"USNS Thomas, FPO AP 54019"
191,Calvin Pineda,senior data engineer,Spark,1972-10-29,2011-08-15,mcconnellrachel@example.com,+1-959-780-3061x290,"2744 Rachael Forks, Owenport, KY 14718"
121,Crystal Martin,senior data analyst,Data Modeling,1980-05-19,2016-03-24,perezcarrie@example.com,(571)337-3095x913,"508 Kayla Summit Suite 168, Robinsonfort, OR 93473"
284,Tanya Parrish,senior data analyst,Data Modeling,1971-02-11,2011-08-13,whaynes@example.net,462.793.5268,"290 Brown Haven, Drewtown, KS 05279"
287,Frances Brewer,senior data engineer,Spark,1983-10-16,2013-01-09,vasquezcharles@example.com,9378471677,"716 Smith Extension, North Ryan, FL 47337"
320,Darin Martin,senior software engineer,DevOps,2004-11-27,2018-08-02,brownpatricia@example.net,(324)389-7289x42549,"093 Heather Glens Apt. 758, New Karen, CA 84577"
383,Daniel Williams,junior data engineer,Python,1989-10-12,2021-07-18,tpatterson@example.com,(845)861-6916,"8667 Lamb Square, East Samuelhaven, NY 59757"
412,Brian Boone,senior software engineer,DevOps,1989-07-02,2006-06-01,jodywalters@example.org,001-637-245-4075x9200,"0717 Russell View Suite 523, Gonzalezton, PA 66732"
121,Mr. Glenn Campbell,senior data analyst,Statistics,1984-10-30,2015-04-29,powerslinda@example.org,(227)683-5861x8469,"PSC 9609, Box 9417, APO AP 61411"
318,Karl Padilla,senior data engineer,Hadoop,1977-03-07,2015-05-09,jeffrey78@example.org,364.533.0693,"6379 John Estates, Mossmouth, OR 54909"
499,Wendy Nelson,senior data scientist,Natural Language Processing,1954-01-24,2017-03-01,zchoi@example.net,(578)970-0046x53176,"1858 Derek Forest, Kellytown, MS 69835"
20,Steve Bruce,senior data engineer,Data Lakes,1976-02-02,2005-05-23,laurenwebb@example.org,001-509-775-5950,"706 Lester Shores, East Jonathan, AK 53296"
369,Misty Forbes,junior data scientist,Python,1998-12-31,2020-07-16,arthur84@example.org,421.733.0478x836,"USNV Brooks, FPO AP 80576"
459,Ryan Jackson,junior data engineer,Python,1964-12-31,2017-03-07,cameron61@example.com,(616)232-4856x042,"061 Barber Way, South Kathrynberg, WY 43214"
427,Anthony Estrada,senior software engineer,Microservices,1976-04-25,2023-03-03,shannonadams@example.com,(279)999-3205x6896,"68353 John Terrace Suite 003, New Katherine, ID 39094"
452,Jerry Love,senior data analyst,Predictive Analytics,1960-06-08,2011-02-22,nicholaslee@example.net,001-328-567-3964x68393,"2772 Rachel Hills, New Alicia, HI 58404"
178,Jennifer White,senior data scientist,Natural Language Processing,1980-08-06,2012-03-28,fitzgeraldcourtney@example.com,810.836.3462,"1301 Ayala Harbors, Anthonyshire, MH 90486"
314,Vanessa Greene MD,senior data engineer,Data Lakes,1978-09-28,2014-07-24,turnerevan@example.org,(588)347-4992x650,"480 Olson Mount, Gravesfurt, FM 24251"
87,Jackie Hardy,senior software engineer,Microservices,1974-05-12,2011-04-25,gregorychambers@example.org,+1-703-427-3298x48356,"8896 Amanda Alley Apt. 526, Emmashire, SD 36348"
283,Rodney Cain,junior software engineer,JavaScript,1990-05-23,2013-02-19,marthamiller@example.net,509-677-2205x501,"Unit 9599 Box 2431, DPO AA 27483"
78,Tyler Nunez,senior data analyst,Data Modeling,1984-05-07,2020-01-16,djordan@example.net,(683)454-4998x8539,"64261 Schultz Throughway, New Jennifer, WI 02374"
429,Paige Johnson,senior data analyst,Data Modeling,1983-05-31,2014-04-24,joshua73@example.org,001-847-853-8790x9518,"79801 Charles Common, East Susan, WV 15106"
143,Megan Patterson,junior data analyst,SQL,1973-08-29,2013-06-07,christopher02@example.net,+1-455-868-2557,"929 Evan Avenue Suite 427, Matthewbury, MH 62323"
367,Carrie Garcia,senior data scientist,Machine Learning,1991-11-23,2020-06-02,brownlisa@example.org,+1-526-969-8301,"3292 Thomas Land Suite 655, South Bryanshire, VT 21361"
394,Lisa Johnson,senior data scientist,TensorFlow,1966-08-21,2017-09-07,catherine79@example.net,607-970-3250,"021 Kennedy Locks, Lake Emily, MI 94549"
252,Nichole Brown,junior software engineer,HTML,1987-05-11,2020-09-23,jamie19@example.net,571-348-8767,"6286 Raymond Shores Suite 572, North Marcusshire, NH 44520"
293,Brandon Zuniga,junior data engineer,Python,1982-01-01,2020-09-30,michael42@example.net,001-600-284-0526x2597,"9220 Clark Fort, New Debraland, MH 29651"
459,Jessica Johnson,junior data engineer,Data Warehousing,1971-08-22,2016-07-31,kfrederick@example.org,+1-761-852-7801x6076,"84661 Ruth Oval, Monicastad, NJ 96934"
122,Thomas Richardson,senior data engineer,Data Lakes,1968-11-13,2023-03-23,smithcalvin@example.com,905.586.4337,"5679 Veronica Forge, Kaylachester, IN 26842"
169,Barry Riley,senior data analyst,Statistics,1958-12-08,2023-02-02,dware@example.com,+1-238-473-3668x985,"368 Vincent Road Suite 192, Lake Valerie, MN 44351"
449,Troy Henry,senior data engineer,Hadoop,1962-02-12,2010-02-07,jbrewer@example.com,(713)841-1974,"60758 Hancock Point Apt. 877, Jamesstad, VI 34687"
211,Derrick Woods,senior data analyst,Predictive Analytics,1963-03-20,2011-01-14,marquezmichelle@example.org,001-345-282-3688x3393,"91461 Lee Bypass, Alvarezchester, VT 69000"
334,Bianca Phelps,junior data analyst,Tableau,1981-10-23,2015-07-02,zclark@example.net,979.510.0464x487,"4879 Douglas Rapids Suite 866, Fullerside, WA 76239"
66,Nicholas Smith,senior data scientist,Machine Learning,1959-07-12,2009-09-10,mgonzales@example.org,4993502485,"72344 Gray Port Suite 633, Danielview, WA 93491"
10,Drew Burke,senior data analyst,Predictive Analytics,1954-08-10,2009-11-29,jack98@example.net,001-744-786-7270x4507,"49649 Melissa Rapid Apt. 053, Port Jimmyburgh, ND 20044"
306,Robert Roberts,senior data engineer,Data Lakes,1981-05-26,2014-05-10,vincentlisa@example.net,(624)488-5832x34449,"138 Steven Burgs, North Wayne, WA 60358"
103,Ethan Sullivan,senior software engineer,Cloud Computing,2005-01-16,2020-03-21,elizabethanderson@example.com,+1-857-315-4592,"63429 Willis Rapid Apt. 581, West Evan, NH 27192"
188,Jasmine Medina,junior data analyst,Tableau,1960-07-24,2009-02-04,kennethlopez@example.com,806-282-7245x98747,"52131 Stephanie Creek Suite 020, Clarkside, AL 53510"
177,Susan Larsen,junior software engineer,HTML,1984-11-23,2005-03-09,mkrause@example.net,(784)548-1229x1921,"Unit 9429 Box 9309, DPO AP 87687"
145,John Adams,senior data scientist,Machine Learning,2006-01-27,2017-03-06,jeffreymiller@example.net,+1-662-363-5810,"543 Fisher Lodge, West Hollystad, NV 31101"
51,Daniel Mason,senior data scientist,Natural Language Processing,1966-01-05,2006-10-22,hinesmark@example.net,428-759-5581x8723,"2797 Matthews Squares, North Kellytown, NH 95727"
210,Daniel Lewis,senior software engineer,Cloud Computing,1958-04-27,2022-04-21,vwebb@example.com,(782)267-2841x5120,"3284 Kimberly Route, Leebury, CO 88780"
41,Nicole Rivera,junior data scientist,Data Visualization,1964-01-15,2014-04-26,delgadojennifer@example.com,846-982-5112x6818,"85621 Johnson Rest, New Justin, KY 91419"
304,Elizabeth White,junior data engineer,Data Warehousing,1966-07-08,2018-10-13,bryanjohnson@example.com,768.496.1722x3710,"12866 Madison Mill, South Brianstad, FM 28322"
423,Christina King,senior software engineer,Cloud Computing,1965-02-27,2021-01-08,pwalker@example.net,001-442-546-2833x182,"4285 Justin Summit Suite 091, Smithshire, PA 90957"
211,Leslie Marks,senior data analyst,Statistics,1973-11-19,2016-07-14,volson@example.org,+1-587-290-0017x656,"849 Hernandez Light, South Timothytown, MH 97989"
438,Adrian Diaz,junior data analyst,Tableau,2002-06-17,2005-12-31,sherry18@example.com,001-672-203-1611x9702,"5237 Christina Summit Apt. 213, New Melissahaven, ID 93667"
430,Jamie Cruz,senior data engineer,Spark,1965-08-21,2013-10-05,teresabaker@example.com,202.326.8229x326,"28369 Jaclyn Inlet Apt. 567, Josephburgh, TN 31629"
425,Sean Smith,senior software engineer,DevOps,1982-08-04,2016-12-26,george12@example.org,380.541.8519x5949,"8043 Nicholas Island, Nathanberg, MS 78194"
101,Christopher Johnson,senior data engineer,Spark,1962-11-01,2020-02-20,bishopkathleen@example.com,+1-810-335-0486,"735 Jacqueline Summit, New Davidton, VI 02535"
479,Ashley Keller,senior data engineer,Spark,1993-06-12,2007-12-12,paigewhite@example.org,(938)610-4233x680,"1199 Kevin Dale, Port Michael, VT 04734"
302,Marco Frank,senior software engineer,DevOps,1978-02-11,2019-05-13,pglenn@example.net,702.777.6886x59284,"523 Christopher Wall, Bryanland, WA 77302"
328,Michael Beard,junior data scientist,Python,1975-03-11,2005-02-17,stephenscarolyn@example.org,(737)619-6104x65737,"3679 Christopher Extensions Apt. 807, Popeland, AS 40455"
195,Jason Fox,senior data scientist,Machine Learning,1969-10-20,2017-10-04,charles81@example.com,5213977623,"88235 Elizabeth Square, Lake Benjaminburgh, NH 33427"
102,Linda Gilmore,senior data engineer,Spark,1983-12-24,2011-10-17,jonathan11@example.com,4475449947,"621 Kristen Cliff, Miguelhaven, MA 98094"
63,Justin Hernandez,junior data engineer,ETL,1969-03-11,2013-09-18,brittneyeaton@example.net,001-793-911-7977,"66783 Thomas Mission, Manningfurt, ID 30540"
91,Sean Hansen,junior software engineer,HTML,1977-08-27,2017-03-25,carlacampbell@example.com,571.706.5798x9453,"58224 Mendoza Camp Suite 319, Joanneland, NC 82167"
448,Anna Holt,junior data scientist,Data Visualization,1972-05-04,2015-09-06,diane68@example.com,+1-646-241-4681x50547,"779 Jeffrey Cove, New Mikeborough, VT 58427"
263,Margaret Ferguson,senior data scientist,TensorFlow,1983-02-18,2011-09-15,amanda83@example.net,(426)477-0269x796,"4626 Mccullough Square Apt. 282, North Jamie, FL 20969"
252,Ian Powers,junior data scientist,Python,2003-03-20,2010-02-07,kimberly59@example.net,(390)725-8234x1622,"710 Barbara Locks Apt. 771, Scottton, NV 07584"
435,Jared Cochran,junior data engineer,Python,1977-11-29,2009-02-19,nathanpitts@example.com,(539)870-7430x1886,"68337 Kayla Turnpike Apt. 926, New Melissaton, MH 84890"
118,Cassandra Jackson,senior data scientist,Machine Learning,1956-12-13,2021-09-18,amanda78@example.org,548.402.8247,"35971 Williams Lodge, Gregorymouth, MA 54018"
492,Jose West,junior data analyst,SQL,1990-05-12,2021-11-16,prestonwalker@example.net,267-596-3300x72415,"1608 Troy Locks, New Thomastown, AS 78291"
135,Randy Davis,senior software engineer,Microservices,1961-01-23,2015-11-09,castillojennifer@example.net,(227)972-1860x15741,"8637 Tamara Summit, East Jerometown, RI 79460"
495,Mark Rosales,senior software engineer,Microservices,1990-12-31,2018-03-26,antoniohall@example.net,817.682.3706x244,"835 Cynthia Prairie, South Christineland, MA 81935"
443,Richard Hanson,senior data engineer,Hadoop,1955-09-27,2021-03-10,gina44@example.com,(534)203-4261x53866,"00504 Megan Canyon, New Jenniferberg, MO 57406"
142,Julie Adams,junior data analyst,Excel,1981-01-30,2024-07-21,amanda69@example.com,(921)718-9329x1798,"Unit 5513 Box 9731, DPO AE 62352"
28,Emily Cook,junior data engineer,Python,2003-03-21,2022-10-28,allensanchez@example.net,001-492-436-2123,"USNV Hicks, FPO AA 28214"
398,Thomas Ryan,junior software engineer,HTML,1995-10-05,2017-04-16,amy94@example.net,+1-511-861-1026x093,"0222 Colleen Ports, Mollyfurt, OR 53445"
122,Crystal Dominguez,junior software engineer,HTML,2003-07-29,2015-03-28,klewis@example.com,577.318.1104,"2375 Pearson Garden, North Aaron, DC 39547"
244,Dr. Tonya Howard,junior data engineer,Python,1963-01-07,2018-10-22,marksmith@example.com,381.848.7278,"74042 Mason Parks Apt. 405, West Teresamouth, AS 04743"
312,Kimberly Smith,senior data scientist,Natural Language Processing,1956-08-06,2024-01-24,holmesrichard@example.net,830-734-3225x555,"4775 Brandon Drive Suite 310, Tammyside, KS 02146"
121,Wesley Joseph,junior data scientist,Python,1979-06-13,2017-01-10,robertschultz@example.com,5588799291,"248 Sophia Ports Suite 083, Simmonsstad, CA 54005"
59,Christopher Haas,junior data scientist,Data Visualization,2005-04-20,2012-03-20,danielsingh@example.org,359-534-6642x4010,"USNV Wilson, FPO AP 01967"
489,Michael Willis,junior data analyst,Tableau,1955-05-06,2022-11-02,yfuller@example.net,904.974.7290x612,"1950 Erika Trafficway Apt. 870, West Yolandastad, MA 52703"
60,Karen Mueller,senior data analyst,Predictive Analytics,1987-10-28,2023-10-11,bmercado@example.net,(642)452-5520x918,"785 Karen Divide, Christineview, MN 33650"
104,Gail Galvan,junior data analyst,SQL,1972-12-03,2021-12-21,devonduncan@example.com,2476207224,"1175 Thomas Grove, Crystalside, GA 22760"
419,Alison Walsh,senior software engineer,Cloud Computing,1985-03-12,2015-03-24,luis84@example.org,860.859.7298x657,"56166 Brian Shoals Apt. 878, New Cherylland, NY 48101"
239,Manuel Johnson,junior data analyst,SQL,1989-10-18,2008-08-23,lancewagner@example.org,944-328-7280x4471,"PSC 8790, Box 3999, APO AA 78158"
428,Colin Myers,senior software engineer,Cloud Computing,1993-04-01,2020-06-18,cassandraobrien@example.com,001-974-502-2807,"08853 Garcia Tunnel, East Lisaview, KY 60102"
163,Rachel Weaver,senior data analyst,Data Modeling,2003-01-14,2009-04-07,barajaswilliam@example.net,(759)628-2331,"USCGC Butler, FPO AE 06313"
361,Patricia Fisher,senior software engineer,Cloud Computing,1954-12-29,2010-03-03,james85@example.org,726.992.3237x26285,"98857 Sydney Ford, South Jennifer, KS 63766"
469,Joseph Preston,senior data analyst,Data Modeling,2000-07-13,2015-08-04,jonathanwilliams@example.org,+1-994-881-5179x6198,"19440 Elizabeth Greens, South Russell, DE 88174"
269,Andrew Vargas,junior data analyst,SQL,1988-09-26,2010-02-26,colin14@example.net,(789)465-0646x47887,"USNS Pennington, FPO AA 62290"
497,Wayne Sawyer,senior data engineer,Hadoop,1972-06-26,2009-11-20,leah26@example.org,001-665-931-8299x04956,"5362 Thompson Landing Suite 801, New Linda, ME 75823"
392,Jessica Perez,junior software engineer,JavaScript,1991-04-19,2007-09-10,nancy99@example.net,661-605-5288x92241,"545 Smith Street Apt. 750, Port Timothy, MN 90077"
453,Valerie Jacobs,junior data scientist,Python,2006-02-23,2022-05-21,hendersonsharon@example.net,001-734-277-4332x159,"080 Sarah Roads Apt. 694, Seanstad, MA 76125"
180,Thomas Bell,senior data analyst,Predictive Analytics,1973-12-21,2021-01-01,gloriadowns@example.org,+1-691-473-6352,"88530 Hooper Loop, Richardsonmouth, TX 64972"
418,John Scott,junior data analyst,Excel,1954-10-06,2010-05-30,paul59@example.org,888.620.4305x230,"PSC 7032, Box 9913, APO AA 84384"
274,Antonio Harris,senior software engineer,DevOps,2004-10-24,2015-06-10,ricardomeyer@example.com,001-337-320-8876x977,"8190 Nash Turnpike, New Barbara, LA 54945"
290,Rickey Miranda,junior data engineer,Python,1997-08-17,2010-07-13,alexanderpacheco@example.com,8587937597,"Unit 2492 Box 8636, DPO AP 48580"
426,Andrew Randall,junior data scientist,Python,1970-05-03,2016-09-20,ashleycarrillo@example.com,679.886.6960x734,"9364 David Harbor Suite 917, Hallfort, IL 80259"
183,Timothy Rios,senior software engineer,Cloud Computing,1991-10-22,2014-11-21,rbuckley@example.org,+1-629-353-5021,"582 Stanton Villages Suite 929, Jenniferstad, CO 84881"
5,Angela Lyons,senior data engineer,Spark,1956-09-17,2010-04-30,millerchristopher@example.org,710.651.8444x226,"3369 Morgan Plaza Apt. 082, Amberbury, NM 26740"
164,Tonya Harper,senior data engineer,Data Lakes,2006-04-16,2022-06-24,dawn76@example.org,258.279.6944,"339 Miller Centers, Michaelborough, WA 80750"
47,Donald Lopez,senior data engineer,Data Lakes,1989-05-21,2018-09-09,wendystewart@example.com,+1-514-403-1712x347,"3473 Brianna Wells Suite 290, Stanleymouth, GA 81866"
387,Kyle King,senior data engineer,Data Lakes,1962-12-25,2024-07-28,kathy46@example.com,640.536.7581x65073,"149 Kara Cliff Suite 271, Chavezville, WI 87456"
71,John Bolton,junior data analyst,SQL,1982-12-15,2019-01-05,jasongay@example.net,899.480.8927x802,"16650 James Burg Suite 335, Lake Crystal, ME 92339"
185,Tamara Hoffman,junior data scientist,Python,1988-10-19,2016-12-06,smithlaura@example.com,498.721.5090,"7277 James Meadows Apt. 591, East Jacquelineland, AZ 50695"
56,Peter Chapman,junior data scientist,Python,1966-11-01,2016-07-29,patriciastout@example.com,+1-348-675-1544x322,"USNV Porter, FPO AA 38468"
479,Mark Lowery,junior data analyst,Excel,1998-09-13,2017-08-06,boltonjamie@example.com,(521)833-9241,"3028 Morris Island Apt. 617, North Christopher, MA 21714"
302,Mrs. Doris Jones,senior data scientist,Natural Language Processing,1999-04-11,2019-11-03,wrightcatherine@example.net,221.584.6650,"94879 Lopez Ridge Apt. 980, North Mariashire, SC 84632"
75,Mark Owens,junior data analyst,Tableau,2002-01-24,2018-02-26,blevinssandra@example.org,(553)326-7334,"2118 Victor Cliff Apt. 345, North Davidtown, KY 08205"
416,Jason Humphrey,senior software engineer,Microservices,1968-03-04,2008-10-01,djuarez@example.net,001-437-663-7945x07899,"6298 Beck Shoal, Lake Jacobberg, CT 11424"
352,Robert Good,junior software engineer,HTML,1955-10-13,2020-04-27,nwiley@example.net,805-377-8176,"USNS Watson, FPO AP 46569"
122,David Davis,junior data engineer,ETL,1961-11-06,2022-08-19,andrew55@example.com,+1-877-494-2077x58720,"513 Jones Glen Suite 090, South Grace, VA 59201"
467,Amy Marshall,junior data engineer,Data Warehousing,1985-12-03,2019-04-20,dana47@example.com,4628457648,"267 Lisa Mountain, East Andrew, OK 58058"
130,Jennifer Stevens,junior software engineer,HTML,2006-03-10,2011-02-18,longpatrick@example.net,(992)933-8146,"02779 Olson Junction, New Catherineton, ID 71485"
311,Anne Wright,senior data analyst,Data Modeling,1957-03-14,2023-07-14,kim74@example.org,483-610-7485,"USS Ruiz, FPO AA 71276"
335,Susan Turner,junior data engineer,Data Warehousing,1958-10-24,2011-10-25,brownleslie@example.org,+1-542-471-9255x6223,"Unit 2435 Box 5362, DPO AA 42380"
385,Aaron Hayes,senior data engineer,Spark,2002-05-18,2007-05-25,murphymatthew@example.net,729.453.4430,"7318 Christine Springs, East Lisa, ND 89275"
438,Sheri Robinson,senior data engineer,Spark,1972-12-08,2008-04-20,jose24@example.org,+1-645-295-4128,"9660 Latasha Squares Apt. 183, Smithfort, AS 51761"
9,Donald Stewart,senior software engineer,Microservices,1993-01-27,2018-02-06,spencerjennifer@example.com,(970)642-1707,"PSC 4610, Box 8187, APO AE 54900"
331,Margaret Cummings,senior software engineer,Microservices,1980-12-25,2022-04-26,zacharywagner@example.org,+1-545-231-6128x657,"02133 Christina Locks Apt. 987, West Codyton, WY 23687"
493,James Moran,junior data engineer,Data Warehousing,1987-10-19,2005-02-06,smithjeanne@example.net,6906333114,"19087 Jennifer Drive Apt. 776, East Deanshire, OR 14071"
29,Abigail Mullen,junior software engineer,CSS,1958-06-15,2024-08-09,vmiller@example.com,7957820151,"130 Nicholas Cliffs, Roachtown, ND 38437"
347,Nathan Duffy,junior software engineer,HTML,1983-05-23,2009-07-02,nolanmichelle@example.com,880.633.8798x669,"6736 Beth Harbor Suite 907, Millermouth, OK 22704"
415,John Morse,junior data engineer,ETL,1963-07-31,2022-10-06,jeffrey53@example.com,261.222.2087x7106,"420 Villegas Point, Kennethview, AL 48817"
407,Nathan Moore,junior software engineer,CSS,2003-07-09,2006-12-31,scott30@example.net,314.562.1551x483,"9957 Jade Motorway, Port Patrickside, KS 89637"
304,Brooke Khan,senior data engineer,Spark,1973-02-07,2005-11-08,james69@example.com,+1-208-755-4120x692,"898 Christina Rapids, Port Ericberg, MI 15430"
32,Megan Reynolds,senior data engineer,Data Lakes,1965-10-03,2007-11-11,hickskaitlin@example.net,(456)287-3401x94244,"3939 Donna Square Apt. 834, Mahoneychester, OH 82172"
255,Andrew Harper,senior data analyst,Statistics,1974-05-29,2008-08-28,sarahlawson@example.com,776-765-7927x73166,"53006 Gregory Valleys, Stuartside, FL 74631"
172,Michael Morris,senior software engineer,DevOps,1974-04-29,2019-07-15,kimberlybailey@example.net,2427864371,"2315 Darren Valley Suite 923, Lake Alexander, MH 18859"
10,Eric Nguyen,junior data engineer,ETL,1998-09-10,2016-10-25,zgalvan@example.com,7576336424,"PSC 0424, Box 9870, APO AA 31705"
377,Lauren Williams,junior data scientist,Data Visualization,1973-10-19,2021-04-24,xharper@example.org,(968)626-0810,"Unit 4503 Box 3793, DPO AA 32454"
213,Kenneth Tapia,junior software engineer,HTML,1969-08-26,2022-09-21,bradleydonovan@example.net,737-258-7802x32368,"1202 Tamara Park, Port Christine, KY 86544"
259,Elizabeth Grant,senior data analyst,Data Modeling,1978-06-02,2007-04-20,david90@example.org,5203691347,"1780 Caldwell Roads, Hollandmouth, WY 72440"
104,Madeline Trujillo,junior software engineer,HTML,2001-10-21,2015-04-13,williamyork@example.com,316.472.7159x28882,"838 Molly Ramp, West Stevenstad, ND 12609"
49,Amanda Wall,senior data analyst,Statistics,1961-07-03,2004-11-04,diana26@example.org,+1-682-812-4650,"USS Adams, FPO AA 78573"
336,Angela Stephenson,senior data analyst,Predictive Analytics,1991-02-14,2013-08-07,castanedadonald@example.org,(556)561-1241,"4135 Leonard Place, Dianebury, MP 52886"
27,Morgan Sanders,junior data analyst,Excel,1973-03-26,2008-09-14,evanshenry@example.com,001-929-808-8117x8095,"358 Stewart Park, Port David, MO 02022"
157,Amanda Burton,junior data engineer,Python,1995-12-26,2024-03-26,salazarsusan@example.org,917.821.9334x3713,"PSC 3836, Box 6041, APO AP 11621"
386,Beverly Green,junior data analyst,Tableau,1981-11-22,2006-06-04,tcarroll@example.net,001-202-980-3600x91361,"471 Tracey Club, Catherineview, OR 25854"
355,Steven Johnson,senior data analyst,Data Modeling,2005-10-10,2016-03-15,matthew77@example.net,(977)318-6088x964,"40082 Rivera Circles Apt. 210, Christianchester, NV 82240"
22,Christopher Foster,senior software engineer,Cloud Computing,2000-05-07,2012-12-02,sandersrodney@example.net,942-503-1012,"1654 Carol Lane Suite 404, Chaseport, NJ 01662"
258,James Vaughn,senior data scientist,Machine Learning,1991-09-22,2008-07-17,wallacemargaret@example.org,452-288-8689x859,"Unit 0789 Box 1549, DPO AP 65962"
425,Stephanie Singh,junior data analyst,Tableau,1969-08-15,2013-07-15,valenciastephanie@example.net,001-279-840-3517x414,"188 Michael Brook Suite 540, Paynemouth, PW 12845"
426,David Spencer,junior data analyst,Excel,2004-05-03,2024-09-13,crawforddavid@example.net,001-491-203-2004,"71823 Kevin Pike Suite 863, Danielborough, VI 88389"
312,Natalie Jackson,junior data engineer,ETL,2004-10-27,2015-04-12,maldonadoedward@example.com,307.784.0496x62017,"2374 Morris Plaza, Clarkeview, AR 49543"
44,Jessica White,junior data scientist,SQL,1967-05-02,2017-07-03,michael23@example.net,935.388.8961,"293 Michael Falls Apt. 279, New Tinamouth, ID 72494"
382,Carolyn Sanchez,junior data scientist,SQL,1962-12-24,2016-07-19,william00@example.net,247.974.0027,"291 Brian Square, Dustinmouth, KY 93525"
14,Stephanie Baldwin,junior software engineer,HTML,1978-08-11,2011-07-29,melinda83@example.net,+1-657-815-8806,"Unit 2204 Box 1412, DPO AA 09442"
100,Michelle Simpson,junior software engineer,JavaScript,1965-07-29,2014-10-06,harveymegan@example.org,+1-819-868-7132,"2383 Long Pike, West Kevinhaven, ME 79878"
447,Karen Smith,senior data scientist,TensorFlow,1991-01-15,2020-04-17,megan63@example.com,+1-732-877-3413x4043,"470 Scott Island, Weberbury, NM 24322"
356,John Grimes,senior data engineer,Hadoop,1954-03-28,2007-02-23,wharrison@example.org,375-450-2975,"0355 Brown Rest, New Cindymouth, UT 90443"
95,Annette Nelson,senior software engineer,Microservices,1955-04-24,2017-05-18,kathleenmedina@example.org,001-565-430-5023x4511,"446 Andrew Squares Suite 743, Watkinsmouth, MH 82405"
195,William Dougherty,junior software engineer,HTML,1981-12-05,2017-05-20,nicole45@example.org,+1-975-676-8522x3482,"4784 Morrow View Suite 098, South Loretta, MH 11368"
146,Steven Griffin,senior software engineer,DevOps,1988-02-26,2013-07-24,emcclure@example.com,986.828.2671,"585 Flowers Junctions Suite 926, Susanland, ND 97244"
120,Jamie Thomas,junior data engineer,ETL,1995-05-18,2005-08-09,keithjohnson@example.net,356.404.0526x52226,"4831 Garrett Trace, Lake James, AR 18439"
276,Jordan Cole,senior data analyst,Predictive Analytics,1985-07-26,2019-11-22,greenmichael@example.org,+1-738-517-9683x989,"520 Michael Row Suite 055, East Joychester, SD 17072"
440,Chris Johnson,junior software engineer,JavaScript,1993-11-30,2022-10-04,garciaanthony@example.com,001-695-903-5152x5181,"4541 Adams Squares, West Ashleybury, MO 55427"
489,Taylor Martin,junior software engineer,JavaScript,1954-12-17,2024-04-03,josewarren@example.net,7382773444,"349 Andrew View, North Barbara, SD 97662"
120,Kyle Barajas,junior data engineer,Python,1995-01-23,2014-01-31,catherinesims@example.org,(766)388-8196,"USNS Rogers, FPO AE 41295"
173,Joseph Foster,senior data scientist,TensorFlow,1970-10-18,2005-12-09,acortez@example.net,988.311.3784,"405 Robinson Rest Suite 850, East Michael, UT 82011"
400,Rebecca Myers,senior data scientist,Natural Language Processing,1981-06-21,2011-12-12,andrew12@example.org,491-543-9830x2032,"82413 Stewart Plaza, Martinville, VA 07551"
178,Jessica Ramirez,senior software engineer,DevOps,1956-10-23,2015-03-21,zestrada@example.net,001-497-915-3814x8403,"07173 Gutierrez Curve Apt. 842, South Maryberg, WV 79401"
379,David Holland,senior data analyst,Statistics,1981-01-09,2022-12-16,beckerrichard@example.org,628.916.0802x293,"177 Steven Dale, New Sarahborough, MD 12357"
232,Gabriel Sherman,senior software engineer,DevOps,1978-11-09,2011-06-01,scollier@example.net,401-483-7667,"30228 Wade Mews Apt. 124, Porterstad, AZ 15615"
388,Martin Graham,senior data scientist,Natural Language Processing,1957-09-29,2009-01-12,zrobles@example.com,(720)309-9152x3006,"983 Brandon Crest Apt. 042, North Deborahchester, PR 82515"
287,Melissa Thompson,senior data scientist,TensorFlow,1994-05-10,2020-01-18,dylanmorgan@example.org,897.514.2111x31707,"18926 Rachel Wall Suite 415, Lake Wesley, MP 63862"
287,James Crane,junior data scientist,SQL,1963-12-15,2007-11-03,ojacobs@example.com,6945724791,"9955 Ray Via, Lake Haroldport, NC 76981"
272,Nathan Bennett,junior data analyst,Excel,1967-10-04,2023-03-25,uward@example.org,(563)344-5884,"421 Bobby Spur Suite 242, New Joanna, SD 89823"
168,Kevin Reilly,junior data analyst,SQL,1971-10-13,2015-09-18,diane36@example.net,(618)488-2174x10009,"836 Shannon Garden Apt. 399, South Kenneth, MH 77839"
498,Katelyn Jones,senior data scientist,TensorFlow,1961-08-21,2007-08-07,roger96@example.org,+1-381-951-6546x429,"231 Samantha Key, Davisstad, ID 79758"
163,Thomas Young,junior data analyst,Tableau,1967-09-13,2009-07-13,hward@example.net,001-533-279-4392x3841,"8172 Samantha Place Suite 576, Clineland, MP 69255"
292,Barry White,senior software engineer,Microservices,2001-10-21,2017-12-27,beltranelizabeth@example.org,+1-520-256-3686x5522,"82837 Barbara Lane, East Lauraborough, TN 71068"
285,Christopher Holden,senior data engineer,Spark,2003-06-12,2021-03-23,ryan74@example.org,001-688-627-2168x7772,"8115 Whitehead Forks Apt. 071, Eddieside, WV 63851"
461,Kevin Norris,senior data analyst,Predictive Analytics,1960-02-19,2019-10-06,jared27@example.com,767.340.1280x2825,"00528 Washington Pass, West Amber, DE 14174"
485,Maria Greene,junior data scientist,Data Visualization,1984-03-20,2009-01-02,websterjonathan@example.com,554.850.8422,"9173 Flores Inlet Suite 134, Gomezmouth, MP 17891"
104,Susan Kennedy,junior data analyst,SQL,1972-09-27,2013-04-11,cindyrogers@example.net,882.536.9677x335,"726 Kelly Wells, East Heather, MN 23817"
189,Julie Walters,junior software engineer,HTML,1985-04-06,2011-07-18,davisdavid@example.com,592.263.0021,"62914 Wilkinson Square Apt. 387, Victoriaborough, MD 23856"
234,Elizabeth Richardson,senior data analyst,Predictive Analytics,1986-09-27,2012-11-02,alicia18@example.net,333.307.4554,"30901 Barnett Loop Apt. 331, Douglaschester, TN 65536"
354,Robert Henry,senior software engineer,Cloud Computing,1979-08-15,2013-07-22,lsmith@example.com,859.423.7652x354,"92489 Wu Causeway, Nicolehaven, PW 59308"
131,Ryan Ochoa,senior data analyst,Statistics,2003-02-16,2009-01-25,alisonjennings@example.org,548.230.1848x041,"44362 Latasha Oval, East Wayne, NY 71677"
437,Ian Nguyen,senior data scientist,Natural Language Processing,1989-07-31,2009-10-30,abbottvanessa@example.com,7669000735,"7635 Meagan Fields Suite 990, Lake Daniel, VA 79935"
208,Rebecca Phelps,senior data scientist,Machine Learning,1981-03-14,2014-08-06,phamilton@example.net,+1-912-884-2503x1599,"41271 Adrian Orchard Apt. 099, New Lindsayport, TX 05024"
305,Donna Wilson,junior software engineer,JavaScript,2006-05-12,2019-03-04,abarber@example.com,344.669.0444x4046,"PSC 0100, Box 7583, APO AA 36346"
100,Thomas Bailey,senior software engineer,Microservices,1958-01-25,2008-09-09,haaskeith@example.org,8564995037,"2224 Phillips Villages Apt. 586, Hallland, LA 25053"
488,Denise Jones,junior data analyst,SQL,1984-11-23,2019-03-16,crodgers@example.net,447.539.7350,"2718 Ricky Ford, Charlesfurt, IL 05767"
26,Melissa Reyes,senior data engineer,Spark,1976-06-24,2023-02-06,dthompson@example.net,+1-532-379-1281x481,"35290 Alicia Alley Apt. 924, Barberbury, OK 56024"
294,Aaron Franco,senior data engineer,Hadoop,1985-02-13,2013-10-27,seananderson@example.org,383.432.0707x3082,"37784 Marcus Plain, Lambertburgh, VA 31468"
34,Shelby Miranda,junior software engineer,HTML,1972-08-22,2020-05-31,jill15@example.org,001-871-482-3596x80209,"07513 Dean Lodge, Greeneside, CO 66552"
312,Karen Moore,senior data engineer,Data Lakes,1958-04-10,2008-05-05,bennettlaura@example.com,(658)414-4726x06188,"618 Joanne Creek, Charlesport, FL 41168"
170,Daniel Maynard,junior software engineer,JavaScript,1982-01-25,2009-08-11,harringtonjames@example.com,542.393.1109x53246,"PSC 4417, Box 9882, APO AP 06308"
111,Richard Gilbert,senior data engineer,Spark,1964-09-08,2021-04-06,cstephens@example.com,221-917-9464x5376,"PSC 7717, Box 8226, APO AA 18051"
188,Carlos Mcneil,junior software engineer,CSS,2005-01-29,2007-04-29,fsmith@example.net,+1-642-567-5717x9073,"5721 Moore Tunnel Suite 298, Michaeltown, KY 90366"
452,William Brown,junior data engineer,ETL,1983-04-23,2012-01-14,melissa68@example.net,207.464.8854,"557 Bruce Skyway, West Jennaview, OR 69957"
61,Kimberly Mendez,senior data analyst,Data Modeling,1960-12-26,2006-02-06,michaelsalas@example.com,537-783-0511,"PSC 5444, Box 4077, APO AE 33693"
99,Dr. Jeffrey Jimenez MD,junior data scientist,SQL,1987-07-15,2007-03-01,zhardy@example.com,822-264-7699x8597,"8188 Webb Avenue Apt. 581, Debrafurt, CA 38192"
425,Teresa Perez,senior data scientist,Natural Language Processing,2002-11-26,2017-01-13,diazdavid@example.net,7819865501,"94633 Kara Plains Apt. 827, Warrenmouth, MH 57314"
320,Andrew Floyd,junior data engineer,Data Warehousing,1960-07-22,2017-08-27,lpark@example.net,995-472-5082,"67369 Bryant Islands, Lake Melissamouth, VA 58787"
289,Jordan Fields,junior data analyst,Excel,1981-02-13,2007-03-29,burgessjennifer@example.com,(871)663-3219x5552,"31815 Mercedes Alley Suite 231, Travismouth, OH 65265"
176,Ryan Dillon,senior data analyst,Data Modeling,1966-05-10,2022-03-17,meyerlisa@example.org,445.751.9750x941,"7980 Kaitlyn Fords, East Melissaport, TX 12481"
271,Brianna Rodriguez,senior software engineer,Cloud Computing,2001-05-01,2020-03-23,goodmankim@example.com,(504)493-4856x6109,"69991 Colin Hollow, East Natasha, WV 36334"
433,John Harrington,junior data analyst,Tableau,1968-08-09,2009-07-07,troyjackson@example.net,001-238-399-6248x12727,"2702 Ware Trail, Markville, DC 25956"
322,Ruth Miller,senior data scientist,Machine Learning,1954-08-09,2019-12-02,amy77@example.org,995.801.2057x392,"635 Rodriguez Common, Craigport, WY 07802"
102,Jennifer Leblanc,senior software engineer,DevOps,1958-06-24,2022-05-17,emilychung@example.net,(340)342-5202,"28685 Christopher Cape Suite 334, West Frederick, WI 33245"
280,Lauren Beck,junior software engineer,JavaScript,1961-03-15,2016-12-26,greid@example.com,(795)382-3017x53866,"Unit 0170 Box 0238, DPO AA 41638"
371,Jimmy Crane,senior data engineer,Hadoop,1994-09-25,2014-12-28,emily17@example.org,(721)542-1446x7870,"1560 Troy Ramp Apt. 761, South Alicia, TN 69137"
158,David Hunter,senior data scientist,TensorFlow,2003-04-11,2016-03-04,mcfarlandcathy@example.net,+1-347-706-8878x1030,"3926 Justin Isle, Pierceshire, TX 67015"
339,Shaun Fisher,senior data engineer,Spark,1999-09-25,2019-06-08,marshallrobert@example.net,339-893-6337,"USS Vazquez, FPO AP 00934"
483,Kristine Sosa,junior data scientist,Python,1958-10-16,2013-09-27,shannon89@example.net,721.858.6088x98773,"4624 Melissa Motorway, Gonzalezton, MD 42448"
171,Samuel Garza,senior data scientist,TensorFlow,1999-05-08,2019-01-31,wagnerelizabeth@example.net,534.423.4709x60078,"3310 Alyssa Pines, East Dakotahaven, MA 13854"
32,Keith Barnett,senior data analyst,Statistics,1991-12-16,2011-04-15,nicolecole@example.com,810-590-5014x052,"11773 Gregory Stravenue Suite 847, West Shannon, UT 26855"
461,Paul Moore,junior software engineer,JavaScript,1966-11-05,2023-04-14,brownjason@example.com,(285)622-8339x8603,"23572 Owens Ways Apt. 078, Bryantport, AS 66764"
182,Lauren Craig,senior data scientist,TensorFlow,1991-08-10,2004-10-21,adamschultz@example.com,480.245.0946x37444,"065 Abbott Shoals Apt. 942, Rojashaven, IA 84729"
138,Scott Melton,junior software engineer,CSS,1992-01-23,2011-07-03,raymondyoung@example.org,418.420.7281x4429,"041 Andrews Divide Suite 899, Zacharyview, DC 43674"
72,Ryan Martinez,junior software engineer,CSS,1977-08-17,2012-04-05,samuelthomas@example.net,789-485-8829x53073,"81774 Riley Port, Nicoleshire, NH 23505"
62,Kenneth Holloway,senior software engineer,Cloud Computing,1959-07-25,2018-09-10,daviddiaz@example.org,401-714-4529,"PSC 2141, Box 2123, APO AE 02493"
387,Alexandra Young,junior data analyst,SQL,1982-09-02,2021-04-25,sscott@example.org,(335)597-6710x276,"030 Hudson Valleys Apt. 662, Gilmoreburgh, GU 03928"
265,Steven Ayers,junior data scientist,SQL,1984-08-05,2008-02-06,pdavid@example.net,001-433-950-9018x721,"372 Lowery Cliffs, West Katie, AS 41571"
182,Joanna Greene,junior data scientist,Python,1981-08-19,2004-11-30,pierceaimee@example.com,001-977-531-4034x909,"8419 George Dale Suite 061, Dennismouth, FL 91081"
175,Brandi Kane,junior data engineer,Python,1996-04-23,2008-07-22,juanwalker@example.org,001-811-426-1549x783,"0180 Ellison Street Suite 701, Masonborough, WY 24827"
77,Mallory Irwin,senior data engineer,Hadoop,1969-10-06,2020-08-26,rebecca05@example.org,001-367-248-4303x70103,"586 Christopher Rue Apt. 379, Billytown, UT 89345"
154,Jessica Moore,junior data engineer,ETL,1962-01-28,2010-09-20,tmorgan@example.com,001-302-773-1883x173,"83346 Anthony Mall, Jameston, FL 04830"
309,Mary Lopez,senior software engineer,Cloud Computing,1959-03-17,2017-06-16,david13@example.org,+1-546-482-1861,"32578 Vaughan Pass, Jessicastad, CT 28651"
456,Robert Baker,junior data analyst,SQL,1981-09-19,2018-09-02,cody83@example.net,830-467-2988x15089,"9495 Lowe Ports Suite 179, Lake Stephanie, MN 90539"
144,Jennifer Perez,senior data engineer,Spark,1975-07-19,2023-10-01,camposmelissa@example.net,+1-415-692-0304x776,"23290 Flores Loaf, North William, WA 50845"
54,Savannah Benson,junior software engineer,CSS,1958-11-22,2023-09-03,tammycampbell@example.net,868-672-5704x15525,"2814 Gibbs Locks Suite 969, Reedburgh, WY 02388"
485,Christopher Wood,junior data engineer,Data Warehousing,1962-02-09,2013-02-07,manuelholmes@example.org,767-914-6094x85176,"2039 Kevin Path, Mariaburgh, CT 14664"
460,Barbara Martinez,senior software engineer,DevOps,1968-06-24,2013-02-16,kelly10@example.net,(761)556-1350,"2970 Hendricks Brooks Suite 531, West Michaelchester, DE 65959"
131,Grant George,junior software engineer,JavaScript,1990-04-03,2015-04-12,christophervelez@example.com,001-317-301-2886,"0123 Martin Extension, Silvamouth, DC 98989"
297,Heather Byrd,junior software engineer,HTML,1966-08-04,2015-06-29,colleenatkins@example.com,4833300586,"561 Olson Dam Suite 988, South Danaberg, NJ 94318"
73,Maria Rasmussen,junior data scientist,Python,1966-04-14,2008-08-04,campbellgarrett@example.org,+1-272-967-1726,"3150 Brianna Haven, South Elizabeth, CO 10346"
395,Sarah Williams,senior data analyst,Predictive Analytics,2000-12-04,2014-06-20,dweaver@example.net,971.306.9620x4883,"901 Heidi Port, Lake Valeriebury, VA 77797"
325,Andrew Peterson,senior data engineer,Spark,1975-07-04,2016-04-30,christopher03@example.com,(618)531-9154,"462 Dawn Summit Apt. 838, Lake Shaneside, AK 85124"
41,Amy Brown,senior data scientist,Natural Language Processing,1986-04-01,2008-12-03,kkirby@example.org,(670)913-2046,"99791 Denise Mountain Suite 055, East Cathy, GU 45519"
127,Zachary Morales,junior data scientist,Data Visualization,1973-03-05,2020-04-14,walkerjoshua@example.net,943.759.6795x962,"328 Sampson Motorway Suite 732, South Julieland, TX 43604"
227,Rhonda Clark,junior software engineer,HTML,1968-07-21,2020-11-28,mthompson@example.com,+1-732-706-2116,"USS Dudley, FPO AA 31951"
334,Kendra Le,junior data scientist,SQL,1993-12-15,2007-02-23,lewisscott@example.net,+1-253-381-7936x88844,"09127 Strickland Ports Apt. 327, Danielsshire, GU 52671"
257,Tammy Haynes,senior software engineer,DevOps,1969-10-05,2006-12-03,ewilson@example.com,206.587.2567,"6912 Krystal Park, South Stephen, NJ 90262"
427,Mrs. Amanda Haney,senior data scientist,Natural Language Processing,1956-11-26,2012-03-14,patrick21@example.org,5029609783,"PSC 5029, Box 9223, APO AA 00828"
70,Susan Taylor,junior software engineer,JavaScript,1955-12-06,2011-03-02,piercejamie@example.net,5049887265,"88673 Joseph Stream, North Alec, OH 14132"
327,Kyle Baldwin,senior data engineer,Data Lakes,1955-07-19,2021-12-06,timothygriffin@example.com,977.928.0244,"74418 Jeremy Lane, New Walter, ID 05404"
263,Dillon Johnson,junior data analyst,Excel,1992-05-20,2010-02-07,nicole39@example.net,617.513.9716x97847,"938 Jessica Grove Apt. 779, Smallberg, IL 14096"
74,Pamela Carrillo,senior data engineer,Spark,1975-04-09,2023-02-26,ricebecky@example.com,8178641393,"0555 Warner Pass, Josephhaven, TX 28430"
76,Jennifer Robinson,senior data engineer,Data Lakes,1992-07-29,2009-04-24,callahanwhitney@example.net,001-222-262-3440x89958,"Unit 3435 Box 4798, DPO AP 31761"
154,Tara Dean,senior software engineer,Cloud Computing,1991-09-13,2011-06-23,wandacarter@example.org,882-874-3750x4778,"USS Sherman, FPO AP 31150"
93,Jennifer White,senior data analyst,Predictive Analytics,1994-02-12,2009-10-23,garcialaurie@example.org,001-411-576-7874,"9796 Williams Tunnel, Ryantown, PA 64299"
276,Kenneth Steele,senior software engineer,Microservices,1962-08-26,2011-12-05,kristin47@example.net,(314)340-9866x710,"995 Daniel Mountain, Melindafurt, WV 67946"
121,Donna Mccullough,senior data scientist,Machine Learning,1958-10-16,2008-08-28,davidpotter@example.org,001-751-577-6900x337,"88220 Schneider Islands Suite 659, Johnsonfurt, SD 44406"
79,Mark Mora,senior data engineer,Spark,1987-02-04,2020-07-21,bmeza@example.com,+1-506-260-4557x3840,"04244 Rhonda Mills Suite 873, West Mollyfort, CO 10464"
273,Thomas Thompson,junior data analyst,Excel,1992-04-06,2012-04-10,jenniferjohnson@example.net,001-842-976-8739,"81564 Hinton Isle Apt. 913, East Douglas, MI 18823"
334,Ronald Johns,senior software engineer,Microservices,1997-10-19,2015-08-23,briggswanda@example.org,(532)596-8157,"PSC 1365, Box 7567, APO AE 45778"
23,Robert Ross,junior data analyst,Tableau,1961-07-20,2021-03-13,lori19@example.net,949.713.3098x63478,"36947 Connie Square, Amandaborough, WI 56575"
455,Donald White,junior data engineer,Python,1981-06-21,2024-04-24,jill29@example.com,897.288.8043x31750,"9490 Sweeney Junction Apt. 146, Port Ravenfort, ME 44748"
96,John Franco,senior data engineer,Data Lakes,1992-10-30,2022-03-02,harperjose@example.com,+1-562-882-0222,"55609 Joseph Landing Suite 962, Pachecoberg, AS 05523"
86,Zachary Miller,senior data analyst,Predictive Analytics,2005-11-06,2018-08-08,williamgraham@example.com,(935)761-4654x334,"795 Angela Branch Apt. 483, Lake Cynthiaport, NC 38766"
425,Brenda Nguyen,senior data engineer,Spark,1960-02-14,2008-10-26,craig55@example.net,465-431-6777x0141,"Unit 8674 Box 5577, DPO AE 82822"
7,Douglas Lester,senior data engineer,Data Lakes,1984-09-16,2022-09-09,allenmartin@example.org,(411)679-6589x5919,"Unit 8608 Box 0296, DPO AP 61939"
480,Nicole Weaver,senior data analyst,Data Modeling,1998-04-05,2022-01-02,greenerhonda@example.com,(243)737-9398,"8970 Alan Court Apt. 632, Scottburgh, NY 93061"
123,Gina Crawford,junior data engineer,ETL,1958-02-09,2013-01-28,pwalker@example.com,514.641.0359x524,"2088 Lauren Orchard Apt. 328, Williamsborough, FM 58788"
56,Javier Taylor,junior data analyst,SQL,1985-03-01,2009-08-20,hgrant@example.org,+1-686-711-3716x470,"5635 Paul Forks Apt. 415, Lake Monicashire, MD 03371"
461,Kim Warren,junior data scientist,Data Visualization,1983-07-15,2006-10-07,jaybishop@example.com,001-890-634-2700x57039,"8458 Patricia Alley Apt. 382, South Margaretstad, MP 09162"
204,Todd Strong,junior data analyst,SQL,1977-10-14,2015-09-11,savannahmiller@example.com,+1-736-464-9477x3679,"62190 Cooper Isle, Richardside, TN 97103"
303,Louis Scott,junior data engineer,Data Warehousing,1986-08-08,2013-10-22,jodi98@example.com,+1-558-663-3257x76467,"260 Sean Walks, West Juan, FL 24685"
153,Vanessa Powell,senior software engineer,Cloud Computing,1966-08-08,2017-12-09,balexander@example.net,629.968.2204,"899 Prince Forks, West Tyler, MI 54917"
332,Daniel Rodriguez,junior data scientist,SQL,1976-09-07,2018-06-23,andersonscott@example.com,6483082165,"Unit 4709 Box 3883, DPO AE 21983"
8,Shane Young,junior data engineer,Python,1982-04-27,2018-07-30,patriciasexton@example.org,(308)771-2623x28649,"625 Brown Wells Apt. 968, Williamschester, NC 13457"
96,Tiffany Perez,junior data scientist,Data Visualization,1986-08-03,2011-12-23,deborah22@example.net,001-346-247-4825,"965 Timothy Divide Apt. 777, East Nicholasville, HI 64743"
467,Kevin Cooper,senior data engineer,Hadoop,1986-11-14,2020-04-20,caldwellnancy@example.com,001-955-560-5208x844,"138 Daniels Via Suite 795, Michaelfurt, MO 20891"
187,Lori Lee DDS,senior data scientist,Natural Language Processing,1991-11-01,2024-10-04,anthonyreynolds@example.net,+1-867-354-1975x39745,"USCGC Foster, FPO AA 06588"
102,Bryan Delacruz,senior data analyst,Statistics,2005-05-17,2011-10-30,catherinebuck@example.org,815-766-0614,"704 Ronald Prairie Suite 200, Natalieville, NV 38332"
433,Anthony Gomez,senior data analyst,Statistics,1983-02-04,2017-04-04,snyderkenneth@example.net,001-776-919-0587x6733,"72565 James Bypass Suite 435, Lake Daniel, PW 80175"
480,Johnny Bryant,junior software engineer,JavaScript,1962-03-20,2014-11-02,karenthompson@example.net,437.916.2551,"8703 Brown Extensions, Aprilborough, FL 47178"
144,Brent Garcia,junior data analyst,Tableau,1972-03-24,2022-01-27,jamesdelacruz@example.org,675-569-0305x09330,"78965 Melinda Lodge Suite 848, Port Natalie, OR 98268"
492,Jasmine Garrison,senior data engineer,Data Lakes,1973-08-02,2022-01-08,ingramalbert@example.org,723-675-9592,"4142 Velez Station Apt. 814, Michelleland, ND 04994"
233,Amber Watts,senior data scientist,TensorFlow,1986-08-21,2021-03-29,pconley@example.net,976-289-7977,"91335 Ryan Well, Larsonshire, IL 97978"
376,Ashley Jordan,junior software engineer,CSS,1982-11-19,2015-03-25,obriennorman@example.com,946-316-6212,"1673 Troy Loop Suite 769, Cindyville, AR 64803"
87,Daniel Mueller,junior software engineer,CSS,1992-11-25,2011-08-19,barnettrobert@example.com,+1-937-655-1933x930,"4007 May Corners, Port Derek, DE 34046"
105,Jennifer Murphy,senior data scientist,Machine Learning,1995-10-28,2007-09-29,zking@example.net,256.908.5839x3888,"Unit 8705 Box 3426, DPO AA 44648"
304,Lisa Young,junior software engineer,HTML,2005-10-30,2016-12-26,adamsnicole@example.net,(444)339-3884x15313,"15765 Washington Club Suite 244, Lake Kylefurt, SD 40520"
301,Karen Shepherd,junior data analyst,SQL,1956-01-19,2019-05-08,gabrielle60@example.org,+1-239-655-7918x2583,"8414 Jonathan Streets Suite 477, Fowlerton, CA 09014"
492,Eric Zhang,junior data engineer,Data Warehousing,2001-09-03,2005-05-31,ismith@example.com,696.558.7818,"772 Duncan Island Apt. 327, Randallshire, MH 02953"
189,Christine Gibbs,senior software engineer,DevOps,1996-12-19,2005-11-12,joseph44@example.com,312.204.8884,"86007 Finley Grove Apt. 754, East Henryfurt, CO 31006"
239,Charles Mcfarland,junior data engineer,Data Warehousing,1987-10-21,2021-06-15,wrightstephen@example.net,001-335-831-9664,"35462 Todd Locks Apt. 828, Lake Samuelmouth, ID 41783"
297,Logan Hall,junior software engineer,HTML,1988-09-12,2008-03-08,williamjones@example.org,3955781659,"30771 Eileen Highway Apt. 870, East Scott, VT 03810"
292,Timothy Collins,senior data engineer,Data Lakes,1962-08-26,2013-07-06,richardjohnson@example.net,(251)574-2902x665,"2205 Blair Forest Apt. 779, South Kristy, NV 71537"
22,Tanner Shaw,junior data scientist,SQL,1967-11-19,2016-05-08,barry80@example.org,251.953.8977,"7528 Powell Locks, Adamtown, NY 23799"
431,Tammy Adams,junior data analyst,Tableau,1997-02-04,2017-04-10,richardjohnson@example.org,499-792-1356x1988,"7048 Berger Harbors, Michelemouth, DC 78300"
413,Lisa Davis,junior data analyst,Excel,1965-07-04,2010-05-18,albert96@example.com,5074573440,"039 Kyle Plain, Anthonyhaven, TN 52425"
423,Kurt Elliott,senior data analyst,Data Modeling,1994-11-03,2007-04-03,williamsbrittany@example.org,6936513948,"668 Joshua Pines Apt. 898, East Jillianmouth, FL 45099"
177,Cathy Rollins,junior data scientist,SQL,1990-05-07,2005-09-05,millerjill@example.net,979-444-1883x072,"0874 Carol Estates Apt. 247, Paulbury, SD 01546"
111,Michelle Davis,junior data analyst,Excel,1971-04-07,2024-03-03,ncooper@example.org,(823)793-9801,"22972 Ashley Square, New Joshua, VT 60853"
133,Mary Holt,junior data engineer,Data Warehousing,1989-05-30,2022-07-23,webstershannon@example.org,+1-664-426-1336x010,"645 Angie Forges, Smithside, ND 68258"
332,Jessica Owens,junior data engineer,Data Warehousing,1966-11-10,2013-07-15,mchristian@example.org,+1-332-581-7740x40164,"29237 Murphy Way Apt. 498, Port Courtneyberg, VA 36131"
189,Maurice Lopez Jr.,junior data scientist,SQL,2005-05-31,2004-10-29,lsmith@example.com,(768)428-7120,"466 Tyler Meadow Apt. 236, Jamiemouth, NM 11717"
443,Heather Mitchell,senior data scientist,TensorFlow,1991-08-12,2007-10-05,vholloway@example.org,(499)278-2838x9948,"Unit 0238 Box 8640, DPO AA 16205"
248,Aaron Calhoun,junior data analyst,Tableau,1967-01-17,2020-01-03,jennifer93@example.com,482-574-5265x2830,"750 Shannon Villages Suite 554, Whiteberg, MT 28272"
370,Alex Li,junior data engineer,ETL,1991-12-08,2017-07-23,molly23@example.net,553-574-7972x9486,"5419 William Land, Cooperburgh, VA 91551"
413,Veronica Petersen,junior data analyst,Tableau,1957-08-08,2017-05-11,hammondbrittany@example.org,420-319-0647,"37626 Ricky Club, Alexanderton, NV 26421"
274,Donna Paul,junior data analyst,Tableau,1981-11-16,2007-04-09,dbrown@example.net,+1-556-770-5122,"17432 Aaron Squares, Brandonmouth, MP 07203"
431,Richard Wright,junior software engineer,CSS,2001-12-07,2015-04-08,davisbrian@example.com,362-496-8525,"USCGC Rosario, FPO AA 37076"
40,Jeffrey Mendoza,junior data engineer,Data Warehousing,1971-09-20,2005-04-27,mproctor@example.net,4719532486,"6022 Katherine Meadow Apt. 050, Newtonberg, MN 52918"
383,Shawn Erickson,senior data analyst,Predictive Analytics,2005-09-05,2020-05-18,fernandojohnson@example.org,(949)862-9920x16638,"6110 Bell Mountain Suite 197, North Peterhaven, MP 79857"
48,Michael Taylor,junior data scientist,Data Visualization,2005-02-05,2019-09-17,angel06@example.org,8218843319,"276 Gabriel Lodge, Adamsfurt, CO 49899"
5,John Jackson,senior data analyst,Data Modeling,1970-11-17,2015-01-03,egarcia@example.com,668.683.9301x749,"78595 Pratt Spur Suite 536, North Williamside, AR 22276"
381,Ronald Powell,senior data scientist,TensorFlow,1968-11-28,2011-04-08,gevans@example.net,(381)231-3779x267,"86842 Antonio River, Michaelchester, CA 39062"
54,Kathleen Gibbs,junior software engineer,HTML,1996-06-05,2009-02-10,losborne@example.net,+1-501-898-0418,"5473 Lawrence Tunnel Suite 831, Newtonfort, FL 35717"
182,Cindy Combs,junior data scientist,Data Visualization,1990-11-19,2014-07-14,paulsweeney@example.net,992.737.1705x8918,"77953 Brent Tunnel, Alanburgh, PR 56247"
117,Susan Boyer,junior data scientist,SQL,1963-01-05,2013-03-08,walkerkathleen@example.net,(309)524-5920x8190,"28252 Donovan Plains Suite 353, Lake Alan, WY 99745"
256,David Duran,junior data engineer,Data Warehousing,1986-01-03,2019-09-11,vaughnmiranda@example.com,(880)385-6846x70365,"017 Derrick Gardens, Campbellmouth, WA 02812"
180,Tyler Mejia,senior software engineer,Microservices,1958-03-04,2012-05-20,wcoleman@example.com,366.328.9014,"00894 Fox Greens Suite 492, Lake Scottchester, IA 21378"
86,Elizabeth Jones,junior software engineer,JavaScript,1967-09-06,2021-08-15,brandi11@example.org,(513)757-5283x788,"Unit 1031 Box 2641, DPO AE 93305"
469,Sylvia Moody,senior data scientist,TensorFlow,1954-10-27,2008-11-13,debbiecarpenter@example.org,(397)362-0265x8143,"2631 Garcia Stream, Craigmouth, ND 55155"
184,Christopher Weber,junior data scientist,Data Visualization,2003-04-12,2005-06-04,dana47@example.com,575-783-8827x11774,"83984 Anderson Street, New Kathyside, NH 94343"
432,Brandon Ward,senior data engineer,Hadoop,1957-07-14,2015-10-02,vcross@example.com,543.771.9082x1720,"969 Arias Meadow Apt. 153, Acostaside, WI 32323"
218,Terry Gilbert MD,senior data scientist,Machine Learning,1966-03-30,2006-09-08,bauerjoseph@example.com,405-517-1339,"683 Rasmussen Mountain, Port Jasonmouth, UT 67544"
270,Luke Pratt,junior data analyst,Excel,1988-02-13,2010-08-19,cathy00@example.org,(706)530-4935,"PSC 4626, Box 7884, APO AA 47957"
172,Brian Collins,senior software engineer,Microservices,1969-12-12,2007-05-24,melissa04@example.org,001-483-347-8526x3835,"13795 Alexander Walks Suite 140, Littlehaven, MN 72742"
7,Elizabeth Dunn,senior software engineer,Microservices,1976-10-21,2020-06-18,xrussell@example.org,5964189270,"7994 Joyce Extension Apt. 278, East Robert, TN 34617"
478,Brian Ali,senior data scientist,Natural Language Processing,1973-12-15,2007-04-11,maryfischer@example.org,637.427.2841,"69221 Wade Trafficway, Port Jenny, ID 79414"
21,Ashley Curry,senior software engineer,DevOps,1967-02-13,2016-04-02,jill01@example.net,(244)705-5865x70311,"3998 Chelsey Mills Apt. 616, West Taylor, TN 43466"
165,William Padilla,senior data analyst,Data Modeling,1987-04-16,2007-03-26,cruzmichael@example.com,5257041815,"8435 Yolanda Route, Port Joshuaborough, GA 28024"
234,Shannon Baldwin,junior software engineer,CSS,1955-07-22,2007-12-15,gregorychapman@example.net,218.258.1708x46151,"467 Steven Grove Apt. 417, South Angela, CO 73708"
151,Susan Sanders,senior data scientist,TensorFlow,1955-06-23,2005-03-27,csmith@example.com,347.454.2650x59179,"074 Sandoval Haven Apt. 324, Codybury, MN 14975"
489,John Woods,junior data scientist,Python,1973-07-20,2021-04-10,icase@example.net,745-798-2103x10285,"677 Raymond Square, West Andrewchester, PA 96234"
123,Stephen Austin,junior data analyst,Tableau,1981-08-05,2007-09-02,chris11@example.net,414-836-7665x3115,"8940 David Street, North Cynthiafurt, TX 11096"
246,Steven Bruce,senior data analyst,Predictive Analytics,1986-02-21,2008-02-20,kyle53@example.org,499-666-1715x81737,"62204 Benjamin Villages, West Jacobview, MO 45378"
95,Erin Whitney,junior data analyst,Tableau,1989-12-09,2021-05-10,tanyafoley@example.com,(561)850-5784x47364,"199 Jensen Light Suite 717, Harrisstad, PR 67514"
409,Ryan Larson,junior data analyst,SQL,1974-01-08,2008-07-18,alexanderaustin@example.net,(632)689-3968,"82292 Peter Courts, West Jillian, OR 13492"
250,Katelyn Larson,senior data scientist,Machine Learning,1982-05-18,2015-11-14,lisaparsons@example.net,529-224-7777x41931,"USNS Anthony, FPO AP 26814"
321,Anthony Reyes,junior software engineer,CSS,2000-09-23,2018-09-17,markstrong@example.org,001-798-558-4157x12506,"69358 Lee Valley, Foleyland, AK 77389"
315,Robert Peterson DVM,junior data scientist,Python,1991-12-06,2014-03-15,charlenechen@example.net,718.782.6912x451,"670 Louis Crest Apt. 133, Port Jill, NH 75922"
468,Tyler Lewis,senior data analyst,Predictive Analytics,1967-11-12,2013-03-07,jamesgarcia@example.org,+1-411-259-1481x1916,"8695 Alexandra Shoals, Smithberg, NE 33288"
431,Ronald Graham,senior data scientist,TensorFlow,2000-04-27,2022-04-14,hendersonjeffrey@example.com,001-925-307-1326x3867,"23512 Kevin Circle Suite 697, Port Tina, NJ 84064"
264,Michelle Johnson,senior data scientist,Natural Language Processing,1960-10-26,2005-06-21,jessica97@example.com,(271)845-7802,"0025 Donald Shoal, Port Rebeccaborough, WI 90285"
342,Kyle Allen,junior software engineer,CSS,1996-03-24,2021-09-23,natasha95@example.net,(500)413-6714x37277,"9733 Hampton Junctions, Williamton, DC 41608"
410,Kimberly Murphy,junior data analyst,SQL,2005-12-21,2017-07-16,sotoleslie@example.net,6354033180,"02678 Harris Wells Apt. 541, Port Theresahaven, PR 06411"
259,Mrs. Nicole Morgan DDS,junior data engineer,Python,1979-05-19,2014-09-12,joshuasandoval@example.net,(509)330-4379x79786,"112 Horne Ferry, Bryanshire, MA 18483"
341,Kelly Castro,senior data scientist,TensorFlow,1998-01-16,2009-07-26,opatterson@example.com,(258)853-6938x756,"5025 Baldwin Neck, Port Jamestown, SD 88932"
100,Courtney Kelly,senior data analyst,Data Modeling,1954-11-01,2017-08-11,moodyjacob@example.com,001-358-330-9512,"7345 Blackburn Islands Suite 781, Christopherville, AZ 39565"
43,Emily Hahn,junior data engineer,ETL,1973-11-05,2021-03-27,bhill@example.com,(679)873-4384,"0785 Green Burg, Wadeside, DE 55188"
444,Maria Wagner,junior data scientist,Data Visualization,1998-04-26,2024-01-22,zlarson@example.com,624.338.5257x21917,"249 Joshua Mountains Suite 128, Parkerside, OK 27924"
38,Richard Smith,junior data scientist,SQL,1984-07-13,2023-10-19,morrowangel@example.org,(767)502-7614,"423 Stewart Lock Apt. 487, Port Donnashire, DC 68068"
371,Michael Orozco,senior software engineer,Microservices,1963-11-16,2021-08-20,candrade@example.com,+1-776-748-2594x9474,"492 Nicholas Shoal, Tanyaborough, VA 91267"
361,Mary Moss,senior data analyst,Data Modeling,2006-03-28,2011-07-07,tracyclark@example.net,521.483.5488x103,"907 Vincent Union Apt. 433, Penabury, CT 08747"
202,Cindy Strickland,junior data engineer,Python,1954-11-13,2011-04-20,hermanbrian@example.org,001-959-905-2002x06463,"417 Dean Squares Suite 311, North Josehaven, DE 57255"
314,Dawn Cooley,senior data engineer,Data Lakes,1997-08-19,2010-01-13,xharris@example.org,(587)491-8020x35980,"29101 William Streets, East Erin, MI 90285"
49,Emily Phillips,senior data engineer,Data Lakes,1995-06-15,2020-04-12,jonathancampbell@example.net,463.878.0229,"3530 Patricia Islands Suite 939, Shawnbury, ND 96592"
77,Cynthia Washington,senior software engineer,DevOps,1995-07-03,2012-11-07,chaserichardson@example.com,777-605-9390x6316,"80037 Mary Springs Suite 433, South Lisa, SD 22212"
4,Paul Richardson,senior data engineer,Hadoop,1998-09-07,2020-07-18,michelleturner@example.com,001-322-730-7741x23718,"185 Vargas Landing Suite 749, Smithmouth, PW 09975"
326,Mark Wagner,senior data engineer,Spark,1994-09-07,2015-01-31,johnsonpaul@example.com,276.284.6228x18706,"Unit 6162 Box 5796, DPO AA 14054"
311,Rachel Montoya,junior data scientist,Data Visualization,1997-03-29,2009-08-03,coxkevin@example.org,348.599.3477,"54353 Lyons Trail Suite 046, Munozborough, CO 51076"
104,Steven Malone,senior software engineer,Microservices,1963-05-02,2024-06-10,michaeljenkins@example.com,933-349-0027,"05879 Mary Cove, South Alex, MA 21161"
99,Amy Martin,junior data scientist,SQL,1978-09-06,2010-08-14,brian77@example.com,(867)940-6878,"1032 Matthews Springs, North Chadmouth, VI 46694"
32,Tanya White,senior data analyst,Data Modeling,1997-10-20,2017-07-30,lisarogers@example.net,5406588206,"69405 Zachary Land, East Nicholas, AR 02176"
147,Charles Mullins,senior software engineer,Microservices,1996-08-21,2016-05-25,ngonzales@example.org,719.906.9991,"5288 Caldwell Road, East Laurie, WY 45411"
167,Danielle Velez,senior software engineer,DevOps,1977-04-13,2023-03-04,steven58@example.net,001-606-531-1024,"71503 Richard Islands Suite 040, New Tony, PW 04091"
37,Joshua Gay,junior data engineer,Data Warehousing,1986-10-19,2014-10-07,jacob33@example.net,+1-259-918-9784x9239,"11846 Brown Highway Apt. 120, Dianafort, LA 65816"
288,Steven Howard,junior data analyst,SQL,2002-03-21,2011-11-30,mary96@example.net,(797)716-8981x048,"8302 William View Apt. 709, New Leslieport, IL 96712"
72,Shawn Craig,senior data analyst,Predictive Analytics,1982-09-01,2018-03-09,joyce88@example.org,+1-218-507-4532x66484,"1744 Green Loop, Bartonberg, ND 10389"
98,Lawrence Hobbs,senior software engineer,Cloud Computing,1956-08-20,2008-03-27,rbrown@example.net,266.640.3248x46964,"9194 Smith Square, North Rebecca, NM 41816"
393,Ryan Johnson,junior data analyst,Excel,1997-10-07,2014-11-02,xdixon@example.org,760.522.6832x55719,"USCGC Lewis, FPO AE 41371"
343,Lisa Beck,senior data engineer,Data Lakes,1992-04-29,2013-08-11,phillip79@example.net,478.417.2134x0745,"01177 Carol Crescent, Markborough, MH 66403"
255,Molly Vang,senior software engineer,DevOps,1958-08-04,2010-03-30,frederickchristopher@example.org,503-470-9533,"16492 Tyler Land Apt. 536, Jessicaview, WA 72812"
495,Timothy Roman,senior data engineer,Spark,1996-07-26,2011-11-05,anngeorge@example.net,001-340-217-2114x821,"515 Aimee Centers Suite 626, Williamsonport, OK 40281"
415,Corey Smith,senior data scientist,Natural Language Processing,1958-09-14,2014-03-28,jeffrey33@example.org,(774)624-8091,"6972 Wright Field Suite 431, West Aaron, MD 79006"
125,Matthew Bernard,junior software engineer,HTML,2004-03-26,2016-04-11,rwalker@example.com,325.535.3582,"1775 Cruz Turnpike Suite 848, Chambersview, ID 51974"
241,Elizabeth Thomas,senior data scientist,Machine Learning,2000-12-23,2016-11-23,whiteerin@example.net,991-740-2263,"578 Erin Path, Bowmanstad, IL 07212"
373,Tina Collins,senior data engineer,Data Lakes,1999-02-08,2021-05-13,porterchristopher@example.org,+1-669-232-6626x6383,"Unit 7391 Box 9914, DPO AP 35918"
281,Brenda Lopez,junior data analyst,SQL,1955-07-24,2009-09-05,thomasshelia@example.net,946-845-5405,"3728 Alexandra Landing, South Latoya, NE 44768"
165,Austin Stone,senior data engineer,Spark,1963-09-24,2017-04-02,terri69@example.org,735.669.3337x620,"335 Anderson Pine Apt. 470, Jenniferton, DE 15237"
248,Brett Patton,junior data analyst,Excel,1957-04-17,2022-03-05,posborne@example.com,2542442897,"183 Stephanie Stravenue, South Alexanderfort, VT 05361"
149,Stephen Montes,senior data scientist,Machine Learning,1999-12-02,2023-07-15,shawnaterry@example.com,(480)451-6371x1195,"8786 Jennifer Plaza Suite 835, Port Robert, DC 56549"
152,Tracey Wang,senior data analyst,Predictive Analytics,1965-11-13,2016-09-21,lsilva@example.org,001-793-297-0157x61953,"89476 Jones Rue Apt. 955, Ericville, MP 70821"
210,Joshua Flores,senior software engineer,Microservices,1973-04-13,2011-05-05,qchen@example.com,3519317001,"40022 Dawn Place Apt. 209, East Brianaside, TN 38333"
400,Kristen Holmes,junior data engineer,Python,1973-12-25,2012-07-27,paulray@example.net,222.237.0712,"3962 Bobby Mountain, Christinefort, WV 07587"
34,Timothy Ray,junior data scientist,Data Visualization,1984-12-20,2011-05-02,robertsbrian@example.net,001-998-289-0222x32601,"32967 Herrera Rapid, New Krystal, UT 23419"
440,Haley Chen,junior data engineer,Data Warehousing,1990-10-09,2013-10-06,shortangela@example.org,680-963-1406x420,"7961 Patrick Orchard, Ethanstad, NM 13960"
154,John Beck,senior software engineer,DevOps,1981-06-07,2020-07-28,bondsusan@example.org,+1-504-924-8737x47443,"28917 Thomas Radial, West Amberchester, RI 40042"
336,Anthony Williams,junior software engineer,JavaScript,1963-08-15,2009-03-23,gbaldwin@example.com,3739200800,"91846 Michael Parks, Aliciachester, FM 07171"
86,Michael Harris,senior data engineer,Data Lakes,1965-10-03,2007-03-27,garrisonjoshua@example.net,001-925-580-9183x106,"27675 Rodriguez Underpass Apt. 455, Port Logan, PW 40494"
70,Kimberly Cross,senior data scientist,TensorFlow,1971-05-03,2014-03-11,keaton@example.net,697.673.0751x4696,"Unit 4419 Box 3311, DPO AP 82077"
255,Ebony Cox MD,junior data analyst,Excel,1997-05-09,2005-11-02,kevin55@example.net,(857)319-4818,"490 Wells Pine Suite 130, Kennethland, HI 59675"
379,Terry Richards,junior software engineer,HTML,1985-07-21,2016-05-07,johnramirez@example.com,2169268599,"389 Kaitlyn Haven Apt. 294, West Andrewhaven, GU 81284"
132,Heather Aguilar,senior data scientist,Natural Language Processing,1986-01-15,2011-08-30,qgillespie@example.com,890-898-8822x8427,"90754 Brian Shores, North Joshuaborough, VT 20838"
217,Laura Gonzalez,senior data scientist,TensorFlow,1993-08-08,2010-09-27,adamskatherine@example.com,+1-372-525-3850x7222,"362 Elizabeth Pines Apt. 598, East Jamie, WV 39711"
212,Kristy Richards,junior data scientist,Python,1978-06-18,2009-01-05,katie35@example.org,(512)239-0885x144,"3834 Miller Passage Suite 440, North Kyle, GA 62562"
455,Connie White MD,junior data analyst,Tableau,1981-11-28,2006-12-14,vasquezamanda@example.com,001-748-361-0370,"17664 Yates Meadows Apt. 803, Kathrynside, DE 33543"
123,Eric Jackson,senior data scientist,Machine Learning,2002-11-10,2024-06-02,gina89@example.org,7715718065,"008 Anderson Greens Apt. 810, South Catherine, AL 75697"
115,Seth Lee,senior data analyst,Data Modeling,1989-03-10,2008-08-09,thompsonheather@example.net,+1-610-529-9751x585,"93645 Theodore Knolls Suite 725, Williamsonborough, RI 70810"
420,Kevin Hicks,senior data engineer,Hadoop,1978-06-25,2019-10-25,douglas14@example.net,001-676-450-3431,"17490 Johnathan Dam Suite 902, Markfort, GU 35487"
157,Jeremy Rangel,senior data engineer,Hadoop,1984-05-15,2023-08-15,rebeccarodriguez@example.com,247.811.1919,"74184 Andrew Place, Scottshire, IN 34126"
376,Ms. Tara Walters,senior data engineer,Hadoop,1961-02-22,2018-06-08,jordanrivera@example.net,207-902-9469x498,"17254 Hopkins Greens Suite 424, Paulborough, ID 11988"
388,Brandon Guerrero,senior data engineer,Spark,1991-05-07,2007-02-11,michaelwalker@example.org,001-932-460-7205x74206,"264 Copeland Via, Richardsonshire, VA 22321"
413,Diane Simpson,junior data analyst,Excel,2003-04-30,2014-12-21,baileymurphy@example.net,615-697-2175,"86845 Jackson Hills Apt. 487, South Debra, AR 19665"
366,Carly Garcia,senior data scientist,Machine Learning,1979-10-14,2007-03-08,stacydouglas@example.com,498-784-6666x432,"28799 Jennifer Drive, Port Michael, MS 12187"
96,Judy Wheeler,junior data analyst,Excel,1956-06-11,2013-08-10,zachary79@example.com,(607)541-9611x915,"79695 Michael Plains, South Angelaberg, MS 90144"
126,Douglas Brown,junior data analyst,SQL,2003-03-20,2023-08-01,rowethomas@example.net,+1-366-353-4333x170,"1477 Smith Crossing Suite 947, Heathermouth, PR 82780"
263,Brandi Drake,junior data analyst,Tableau,1968-08-14,2013-06-21,georgelee@example.com,001-790-620-1995x828,"475 Lee Curve, East Daniel, AR 33980"
162,Jessica Saunders,senior data scientist,Machine Learning,1963-09-23,2016-05-23,carmen03@example.com,557-426-5893x64855,"999 Daniel Road Apt. 522, Caldwellfurt, AZ 06024"
103,Jonathan Willis,senior data analyst,Predictive Analytics,1957-06-29,2006-06-28,smithjohn@example.net,(643)820-2675,"0361 Clinton Falls, East Cheryl, IN 64764"
15,Ashley Martinez,senior data analyst,Statistics,1987-06-20,2017-04-26,tylercharles@example.org,(527)814-2158x644,"4662 Quinn Hollow Apt. 898, Brownton, PR 68384"
436,Wanda Campbell,senior data analyst,Predictive Analytics,1980-04-07,2014-11-07,ryan16@example.com,001-205-415-0290,"9272 David Courts, West Keith, ME 53326"
467,Lauren Williams,junior data analyst,Excel,1995-09-01,2005-04-25,garciajonathan@example.net,+1-460-330-7225x35172,"25003 Larson Terrace, Whiteshire, ME 56722"
107,Michael Barnes,senior software engineer,DevOps,1966-10-08,2005-06-01,michelle03@example.net,557-298-5011x9778,"5614 Charles Pass Suite 433, South Mary, HI 50848"
61,Kathryn Cummings,senior data scientist,Natural Language Processing,2003-11-30,2009-11-03,victoriagonzales@example.com,4466421873,"USS Moore, FPO AE 72173"
335,Christina Henderson,senior software engineer,Cloud Computing,1982-08-18,2018-05-16,woodardlaura@example.com,330.877.0632x758,"08673 Cherry Road, Rileyhaven, KS 03230"
492,Mrs. Alexandra Wall MD,senior data scientist,Natural Language Processing,2000-02-28,2020-03-23,christophersnyder@example.org,(801)800-3587x1830,"63837 Laura Springs, Ruizville, SD 84150"
281,Rachel Potts,junior software engineer,HTML,1985-11-06,2010-10-11,moorealan@example.com,(565)859-6246x295,"278 Tara Lights, Port Cynthia, CO 07309"
320,Melanie Arellano,junior software engineer,HTML,1985-04-19,2014-01-17,taylorking@example.org,001-974-562-9586x8965,"585 Michael Dam, Spencerland, IN 35593"
35,Dawn Alvarado,junior data analyst,Excel,1964-11-11,2011-08-07,jamie25@example.net,+1-958-366-3659,"9008 Christie Isle, Lake Seanside, NM 07015"
396,Shawn Griffith,junior data analyst,Tableau,1961-08-08,2023-12-19,bmorales@example.net,906.305.7865x852,"PSC 0772, Box 0437, APO AP 15591"
23,Tracy Fisher,junior software engineer,CSS,2001-08-13,2006-05-13,saundersashley@example.org,888-300-3821,"782 Roberts Village Suite 626, Davisport, MN 94812"
73,Carol Gonzales,junior data analyst,Tableau,1962-09-13,2012-02-29,hancockcynthia@example.com,+1-507-738-6238,"68680 Andrew Burgs Apt. 639, Markchester, ND 07346"
311,Tracy Mcintosh,junior data analyst,SQL,1989-08-27,2023-09-10,williamscarlos@example.org,794.305.8145x908,"7107 Brown Summit, Gallagherstad, SC 56927"
268,Sheila Gibson,junior software engineer,JavaScript,1980-07-03,2024-08-08,kristin55@example.org,541-427-5062x211,"491 Rojas Ways, Sergioton, NJ 63996"
301,Holly Adams,senior software engineer,Microservices,1959-10-13,2010-04-16,sarah44@example.org,001-478-940-8876x688,"737 David Trail, East Whitney, PR 17197"
78,Kayla Diaz,junior software engineer,CSS,1987-04-22,2004-11-12,carlagreen@example.net,404-277-9469x530,"574 Jill Port Suite 108, New Thomasport, IN 79393"
471,Matthew Jones,junior data scientist,Python,1972-06-21,2010-06-27,scotttimothy@example.org,+1-639-356-3038,"USNS Washington, FPO AA 85042"
144,Christopher Mckee,junior software engineer,HTML,2000-07-27,2008-05-03,david73@example.com,001-639-573-8675x8248,"7238 Molly Brooks, East Jesseburgh, ND 71787"
386,Melissa Taylor,senior data analyst,Predictive Analytics,1982-12-25,2017-07-09,gilbert18@example.org,462-692-5987x012,"961 Rose Heights, Parkport, PR 09481"
125,Nathan Warren,senior data engineer,Data Lakes,1992-05-15,2006-10-22,jessica34@example.org,001-810-210-4400,"76534 Houston Shore Apt. 032, Maryview, WI 56816"
410,Stefanie Hopkins,senior data analyst,Data Modeling,1986-09-30,2008-11-28,garzakristy@example.com,001-437-529-6244x252,"PSC 2694, Box 8650, APO AA 91782"
452,Connor Austin,junior data analyst,SQL,1986-11-05,2009-02-18,chernandez@example.org,495-299-4076,"94104 Glenn Gardens, Barbaramouth, NV 12299"
320,Amanda Chen,senior data engineer,Hadoop,2004-01-19,2022-04-05,jenniferpatterson@example.net,400.710.1970,"559 Marie Fork Apt. 113, South Christinaberg, IN 64393"
38,Richard Young,junior data engineer,ETL,1955-09-30,2020-08-17,nicholas42@example.org,001-426-327-6471x58531,"Unit 3681 Box 4081, DPO AA 60356"
495,Samantha Bright,senior data analyst,Predictive Analytics,1965-11-12,2015-07-11,sheenamcconnell@example.com,+1-588-688-6040x011,"40399 Baker Stream, Andreaview, NC 15978"
131,Desiree Perkins,junior data scientist,SQL,2005-05-10,2016-07-07,pcole@example.net,946-741-1825,"62281 Glenn Pike, New Donald, KY 64802"
265,Ricky Curry,junior data scientist,SQL,1971-07-16,2018-09-03,elizabethvazquez@example.org,677-907-5975,"9260 Valerie Centers Apt. 290, Laurenstad, CT 21235"
277,Dr. Devin Miller PhD,junior software engineer,CSS,1987-09-07,2015-07-14,mccormickkaren@example.net,001-975-877-5583,"25071 Hale Route Apt. 055, South Danielhaven, CO 35636"
407,Stephen Murray,senior data engineer,Data Lakes,2004-03-29,2005-05-22,josephle@example.com,+1-863-745-8509x836,"7659 Chloe Cliffs Suite 866, Thomaston, PR 13069"
421,Rebekah Todd,junior software engineer,CSS,1953-12-20,2016-12-15,kbeltran@example.net,(679)798-5714,"46063 Hill Inlet, North Meghan, NV 56843"
94,Ariel Howell DDS,junior data analyst,SQL,1997-09-30,2024-04-17,danielle90@example.org,001-811-704-9625,"716 Anna Corners, East Brittneyshire, FM 97274"
368,Marcus Harris,senior data scientist,TensorFlow,2005-07-27,2013-10-29,kyle94@example.org,+1-631-205-1519x813,"Unit 0407 Box 2513, DPO AA 01548"
285,Ann Flores,junior data scientist,Python,1995-09-30,2006-02-25,jessicalove@example.net,(422)482-9246x38627,"PSC 4724, Box 1937, APO AA 89114"
429,Robert Orr,junior data engineer,ETL,1975-10-04,2012-09-10,kathyjohnson@example.org,+1-693-457-3197x70613,"9253 Nancy Crossing Apt. 014, New Catherine, NV 14695"
374,Alexander Jones,senior data scientist,Natural Language Processing,1976-11-01,2005-08-03,nicholsricardo@example.org,376.264.5870x712,"3512 Oneal Meadows, Cruzfort, NM 49855"
178,Thomas Coleman,junior data scientist,Python,1959-07-29,2018-05-31,flam@example.org,7925040356,"3807 Salinas Mill Apt. 970, North Stephanie, LA 33757"
363,Kimberly Brown,senior data engineer,Spark,1963-07-04,2020-01-01,robert16@example.com,+1-632-306-0641,"078 Steven Mission Suite 879, Lake Amber, KY 53216"
391,Kristi Martinez,senior data engineer,Data Lakes,1980-11-01,2012-07-14,christina56@example.net,001-851-705-0588x4984,"863 Arnold Highway Suite 051, Tylershire, UT 00894"
27,Bradley Meyers,senior data scientist,TensorFlow,1993-07-12,2013-01-10,charles96@example.com,421-323-0030x17163,"11833 Hughes Branch, Karlhaven, NC 77832"
94,Virginia Smith,junior data engineer,ETL,1995-09-08,2007-12-15,kenneth74@example.net,366-711-1219,"08823 Sarah Square Apt. 413, Rodriguezland, NH 60858"
411,Melanie Holder,senior data engineer,Hadoop,1976-05-09,2019-11-10,emilycrawford@example.org,872-352-7069x78436,"195 Donald Rapid, Jacobsberg, MP 46142"
249,Ryan Marshall,senior software engineer,DevOps,1977-07-21,2017-10-19,browndavid@example.org,384.786.2032x057,"PSC 0251, Box 9756, APO AA 19442"
85,Cody Baker,junior data engineer,ETL,1974-07-12,2004-11-17,caitlinperry@example.org,962.258.0173x0266,"391 Duncan Gateway, East Natalie, WV 96438"
47,Haley Curtis,senior data scientist,Natural Language Processing,1970-07-06,2012-02-19,april83@example.org,+1-381-765-8749x89730,"075 Allen Divide, New Meaganchester, MI 80616"
240,Rebecca Perez,junior data analyst,Excel,1961-08-26,2005-01-04,sarahpatel@example.com,001-774-309-2358,"5990 Steven Greens Apt. 504, Powersshire, KS 01520"
