employee_id,employee_name,current_role,skills,dateofbirth,dateofjoining,email,mobile_number,Address,yearofexperience
421,Glen Wood,junior data engineer,ETL,1984-10-05,2005-05-03,xbrady@example.net,288735222636271,"509 Martinez Viaduct Apt. 872, Whitebury, NM 27043",19
488,Mark Underwood,senior data engineer,Data Lakes,1974-03-09,2009-12-24,ywhite@example.org,8738556116181,"82091 Riley Trail Suite 407, Tinaland, AR 46285",14
272,George Smith,junior data analyst,Tableau,1972-09-18,2012-02-02,blake03@example.net,1999358461442755,"27641 Austin Shores, Port Jose, GU 08041",12
355,Fred Butler,senior data engineer,Spark,1982-11-03,2010-06-27,randy40@example.com,7548785042,"381 Brian Turnpike, Port Chelseaburgh, VT 01848",14
35,Kelly Bryant,junior data engineer,Python,1961-11-11,2013-09-14,davisandrew@example.net,130478599738570,"PSC 1740, Box 0313, APO AE 25590",11
369,Joshua Cummings,senior data analyst,Statistics,1955-04-30,2014-07-17,robert78@example.net,19387798093127,"PSC 2932, Box 1592, APO AE 12269",10
238,Kevin Montes,junior data analyst,SQL,1954-08-11,2017-10-30,kimberly36@example.org,278731903799819,"USNV Suarez, FPO AE 33601",6
27,Heather Newton,junior data engineer,ETL,1989-01-04,2005-01-17,jose98@example.com,5064725658,"6763 Holland Lane Suite 481, East Geoffreybury, HI 97622",19
146,Daniel Johnson,junior data analyst,Tableau,1969-01-31,2006-05-13,lkeller@example.org,953437559802233,"8656 Jennifer Viaduct Suite 186, Hendersonport, NH 36065",18
340,Brenda Sullivan,junior software engineer,CSS,2000-03-15,2005-09-10,barnesmichelle@example.org,2638309332,"0489 Harmon Gardens Apt. 359, Louiston, ME 14369",19
384,Herbert Frost,junior software engineer,HTML,1973-01-06,2017-03-15,hlowe@example.net,1269450018281946,"958 Joseph Roads, Port Kristen, MO 15502",7
483,John Wood,senior data engineer,Hadoop,1979-12-11,2017-03-06,mistyblake@example.com,57944864330840,"80377 Greene Crossing, Bryanchester, MP 55432",7
14,Sierra Martinez,senior software engineer,Cloud Computing,1993-11-10,2007-08-19,cadams@example.net,7597126829,"1207 Dana Hills Suite 889, New Kellyfurt, HI 53983",17
223,Brenda Gardner,senior data analyst,Predictive Analytics,1981-03-06,2004-11-13,figueroaterri@example.com,9243269223,"64544 Cynthia Garden, Murillohaven, PA 75393",19
496,Kevin Moran,senior software engineer,Cloud Computing,1990-07-17,2019-09-12,terrenceedwards@example.com,605793425721788,"493 Brenda Heights, Morrisview, GA 05980",5
195,Karen Moore,junior data engineer,Python,1983-09-10,2014-02-20,williamle@example.org,9974041690,"2873 Michael Isle, New Lesliehaven, FM 71316",10
67,Jessica Cochran,junior data analyst,Tableau,1962-06-23,2007-10-07,morawilliam@example.org,2832454131123,"720 Ibarra Hollow, Kennethburgh, CT 99591",17
164,Gregory Valentine,senior data engineer,Spark,1953-12-12,2009-07-20,nicholas46@example.com,4158364299919,"954 Ashley Ramp, East Robert, AZ 70212",15
316,Wanda Moore,junior software engineer,HTML,1971-01-10,2015-06-18,holly34@example.com,18329966272013,"8808 Tyler Circle Apt. 522, Sethchester, NH 84476",9
127,Mr. James Acosta,junior data analyst,SQL,1988-03-21,2021-05-24,danielle55@example.org,14382509469,"08871 Sharon Ridge Suite 138, Scottborough, IL 89358",3
102,Holly Barnes,senior software engineer,DevOps,1998-09-24,2015-07-16,tiffanydean@example.com,1567704759281263,"8279 Coleman Station, Port Jaime, RI 53951",9
401,William Harrison,senior data analyst,Data Modeling,2001-04-06,2009-11-04,aschultz@example.com,9558986475,"USNV Beard, FPO AP 85044",14
46,Patrick Moreno,senior data engineer,Hadoop,1978-01-04,2019-09-09,martinjohnny@example.net,3309433299,"PSC 3302, Box 9922, APO AP 32701",5
369,Virginia Green,senior data analyst,Data Modeling,1982-09-07,2021-02-01,aroach@example.net,9762096386,"1387 Noble Field Suite 877, South Jenniferfort, OK 84797",3
88,Edwin Taylor,junior data analyst,SQL,1955-05-18,2018-07-27,williampeterson@example.com,951901464801814,"83839 Thompson Ridge, Lesliebury, DE 80047",6
163,Emily Vasquez,senior data scientist,TensorFlow,1988-04-03,2020-03-09,nelsonrichard@example.com,40242542584693,"Unit 2554 Box 0593, DPO AE 07703",4
200,Miranda Hardy,senior data analyst,Predictive Analytics,1964-02-07,2016-07-11,david50@example.com,248526969737712,"45026 Murphy Motorway, Cynthiaview, GA 31177",8
363,Andrea Bishop,junior data scientist,Python,1977-11-27,2005-08-11,mitchellkaren@example.net,8369739600,"PSC 9093, Box 7272, APO AE 55702",19
331,Nathaniel Alexander,senior data analyst,Data Modeling,1988-04-30,2014-08-24,gilberthunt@example.com,19346851302,"75412 Matthew Locks Suite 357, Wilsonchester, TN 15314",10
68,Mary Clark,senior data engineer,Spark,2005-10-30,2015-02-20,justinsmith@example.com,2433458592,"92245 Terry Union, Alexismouth, CA 10403",9
94,Natalie Zhang,senior data scientist,TensorFlow,1968-01-11,2019-08-18,joycecannon@example.org,5337862767645,"Unit 1945 Box 3704, DPO AP 27172",5
1,Brandon Griffin,junior data analyst,SQL,1954-08-03,2015-08-20,kristinareid@example.com,5616707169,"6775 David Harbor, Marcusside, NM 04766",9
233,Patrick Myers,junior data analyst,Tableau,1966-09-10,2018-06-27,melissa97@example.net,2342046631,"14187 Davis Tunnel Suite 865, New Stephanie, ME 78458",6
153,Steven Doyle,senior data scientist,TensorFlow,1984-12-02,2006-06-29,oadams@example.org,6526785508,"84964 Bailey Trail Suite 503, North Lindamouth, SC 99147",18
214,Dawn Carr,junior software engineer,CSS,1991-08-30,2018-08-26,hsmith@example.net,93696205074729,"834 Mitchell Trail Apt. 104, Rosschester, MH 55002",6
226,Terri Martin,junior software engineer,JavaScript,1976-10-22,2013-03-28,andrew74@example.org,16812114290,"96860 Smith Throughway Apt. 529, Allisonbury, WV 90099",11
495,Ronald Moss,junior software engineer,JavaScript,2000-05-08,2012-01-29,shernandez@example.org,429279452594045,"48118 Michael Curve Suite 585, North Annette, NM 01185",12
104,Lisa Munoz,senior data analyst,Statistics,1956-07-10,2022-01-11,jodytran@example.org,223858008110686,"608 Dominguez Heights, Ramirezburgh, MN 17675",2
226,Douglas Anderson,senior data engineer,Spark,1956-03-28,2014-10-13,nolsen@example.com,143945211178612,"USNS Ramirez, FPO AA 29113",10
123,Marie Malone,senior software engineer,DevOps,1996-10-28,2023-01-28,scollins@example.com,3168646007,"6865 Timothy Flat Suite 267, Byrdton, IA 23457",1
78,Thomas Garza,senior data scientist,TensorFlow,1983-05-02,2020-03-18,hurleymatthew@example.com,598602131152116,"365 Dillon Hollow, Johnsonhaven, PA 61156",4
100,Richard Scott,junior software engineer,CSS,1979-06-09,2012-11-08,gregoryhansen@example.org,13413045504,"3190 Potter Forges Suite 440, Port Veronicahaven, NM 79918",11
168,Lauren Simmons,senior software engineer,Microservices,1983-03-22,2020-02-11,steven83@example.net,4082493325,"947 Michael Unions Apt. 353, Richardsonport, MA 72638",4
267,Shawn Roberts,senior data analyst,Statistics,1973-12-02,2019-03-05,jasminestanley@example.net,1680313094772612,"5171 Misty Radial, Zacharychester, WV 82029",5
117,Gloria Williams,senior data scientist,TensorFlow,1995-04-02,2021-09-13,woodamy@example.org,2325767327,"707 Hansen Orchard, Raymondbury, MT 43605",3
267,Megan Estrada,junior software engineer,JavaScript,1999-09-04,2016-04-22,udavis@example.com,2958495838,"1278 Crawford Ports Suite 505, Lake Monicaport, DE 06561",8
421,Charles Randall,junior data scientist,SQL,1991-07-13,2007-07-24,rangelamanda@example.net,674879189151853,"1951 Beard Path, Antoniohaven, TX 29532",17
333,Tyrone Pierce,senior data engineer,Hadoop,1965-03-01,2023-01-27,coxjack@example.com,244739501317884,"904 Jennifer Pass, Blackhaven, VT 42303",1
229,Laura Smith,junior data engineer,Data Warehousing,1980-02-11,2008-01-15,samantha02@example.com,9845474637,"358 Franklin Corner, Nicolestad, GU 90908",16
228,Kevin Ramos,senior software engineer,DevOps,1985-05-20,2005-09-04,nmitchell@example.net,76498195538168,"2772 Shane Union Apt. 121, Frederickport, TX 29478",19
444,Todd Duncan,senior data engineer,Data Lakes,1954-02-14,2019-07-19,careyrobert@example.org,6616621468,"USCGC Larsen, FPO AE 78727",5
354,Jason Ayers,junior data engineer,ETL,1985-11-29,2007-06-24,watsonjake@example.net,481798940540188,"156 Janet Station Apt. 851, South Christopherhaven, RI 52202",17
405,Sabrina Wright,junior data analyst,Tableau,1985-05-08,2023-07-05,sharonhorn@example.org,150850594983378,"PSC 9475, Box 8592, APO AP 76833",1
181,Brady Luna,junior software engineer,JavaScript,1969-05-11,2020-07-24,hollowaydanielle@example.com,125784881590861,"3164 Jerry Cape Suite 842, East Jamesport, DC 73209",4
10,Nicole Paul,senior software engineer,Microservices,1960-03-30,2019-12-27,burtonerin@example.com,5342079176913,"740 Henderson Course Apt. 019, Lake Matthew, VA 73498",4
139,Scott Norman,junior data scientist,Python,1993-05-31,2014-10-24,williamspeter@example.com,8905041507722,"99792 Joshua Hollow Apt. 660, Patrickhaven, AR 06984",9
378,John Frazier,senior data analyst,Statistics,1989-08-07,2019-05-22,johnpowell@example.com,515785379311354,"USNS Espinoza, FPO AE 56224",5
471,Patricia Obrien,junior data analyst,Excel,1978-09-05,2011-07-07,cfoley@example.net,17943506992000,"4035 Lawrence Wall Suite 984, Craigburgh, OK 18065",13
263,Johnny Howard,senior data analyst,Statistics,1958-01-28,2005-03-08,donna75@example.net,5196777112,"Unit 3291 Box 8929, DPO AE 45277",19
243,Dustin Wheeler,junior data scientist,Data Visualization,1993-02-24,2022-10-24,danawest@example.com,8709405263,"434 Scott Forges Suite 374, Karenchester, ND 47877",1
378,William Anderson,junior data analyst,SQL,1997-10-05,2014-06-25,janicetucker@example.net,6495031695928,"Unit 4982 Box 9552, DPO AA 28494",10
363,Gregg Lucero,senior data analyst,Statistics,1978-11-14,2005-05-03,jenkinskendra@example.com,173387660868437,"USNS Thomas, FPO AP 54019",19
191,Calvin Pineda,senior data engineer,Spark,1972-10-29,2011-08-15,mcconnellrachel@example.com,19597803061290,"2744 Rachael Forks, Owenport, KY 14718",13
121,Crystal Martin,senior data analyst,Data Modeling,1980-05-19,2016-03-24,perezcarrie@example.com,5713373095913,"508 Kayla Summit Suite 168, Robinsonfort, OR 93473",8
284,Tanya Parrish,senior data analyst,Data Modeling,1971-02-11,2011-08-13,whaynes@example.net,4627935268,"290 Brown Haven, Drewtown, KS 05279",13
287,Frances Brewer,senior data engineer,Spark,1983-10-16,2013-01-09,vasquezcharles@example.com,9378471677,"716 Smith Extension, North Ryan, FL 47337",11
320,Darin Martin,senior software engineer,DevOps,2004-11-27,2018-08-02,brownpatricia@example.net,324389728942549,"093 Heather Glens Apt. 758, New Karen, CA 84577",6
383,Daniel Williams,junior data engineer,Python,1989-10-12,2021-07-18,tpatterson@example.com,8458616916,"8667 Lamb Square, East Samuelhaven, NY 59757",3
412,Brian Boone,senior software engineer,DevOps,1989-07-02,2006-06-01,jodywalters@example.org,163724540759200,"0717 Russell View Suite 523, Gonzalezton, PA 66732",18
121,Mr. Glenn Campbell,senior data analyst,Statistics,1984-10-30,2015-04-29,powerslinda@example.org,22768358618469,"PSC 9609, Box 9417, APO AP 61411",9
318,Karl Padilla,senior data engineer,Hadoop,1977-03-07,2015-05-09,jeffrey78@example.org,3645330693,"6379 John Estates, Mossmouth, OR 54909",9
499,Wendy Nelson,senior data scientist,Natural Language Processing,1954-01-24,2017-03-01,zchoi@example.net,578970004653176,"1858 Derek Forest, Kellytown, MS 69835",7
20,Steve Bruce,senior data engineer,Data Lakes,1976-02-02,2005-05-23,laurenwebb@example.org,15097755950,"706 Lester Shores, East Jonathan, AK 53296",19
369,Misty Forbes,junior data scientist,Python,1998-12-31,2020-07-16,arthur84@example.org,4217330478836,"USNV Brooks, FPO AP 80576",4
459,Ryan Jackson,junior data engineer,Python,1964-12-31,2017-03-07,cameron61@example.com,6162324856042,"061 Barber Way, South Kathrynberg, WY 43214",7
427,Anthony Estrada,senior software engineer,Microservices,1976-04-25,2023-03-03,shannonadams@example.com,27999932056896,"68353 John Terrace Suite 003, New Katherine, ID 39094",1
452,Jerry Love,senior data analyst,Predictive Analytics,1960-06-08,2011-02-22,nicholaslee@example.net,1328567396468393,"2772 Rachel Hills, New Alicia, HI 58404",13
178,Jennifer White,senior data scientist,Natural Language Processing,1980-08-06,2012-03-28,fitzgeraldcourtney@example.com,8108363462,"1301 Ayala Harbors, Anthonyshire, MH 90486",12
314,Vanessa Greene MD,senior data engineer,Data Lakes,1978-09-28,2014-07-24,turnerevan@example.org,5883474992650,"480 Olson Mount, Gravesfurt, FM 24251",10
87,Jackie Hardy,senior software engineer,Microservices,1974-05-12,2011-04-25,gregorychambers@example.org,1703427329848356,"8896 Amanda Alley Apt. 526, Emmashire, SD 36348",13
283,Rodney Cain,junior software engineer,JavaScript,1990-05-23,2013-02-19,marthamiller@example.net,5096772205501,"Unit 9599 Box 2431, DPO AA 27483",11
78,Tyler Nunez,senior data analyst,Data Modeling,1984-05-07,2020-01-16,djordan@example.net,68345449988539,"64261 Schultz Throughway, New Jennifer, WI 02374",4
429,Paige Johnson,senior data analyst,Data Modeling,1983-05-31,2014-04-24,joshua73@example.org,184785387909518,"79801 Charles Common, East Susan, WV 15106",10
143,Megan Patterson,junior data analyst,SQL,1973-08-29,2013-06-07,christopher02@example.net,14558682557,"929 Evan Avenue Suite 427, Matthewbury, MH 62323",11
367,Carrie Garcia,senior data scientist,Machine Learning,1991-11-23,2020-06-02,brownlisa@example.org,15269698301,"3292 Thomas Land Suite 655, South Bryanshire, VT 21361",4
394,Lisa Johnson,senior data scientist,TensorFlow,1966-08-21,2017-09-07,catherine79@example.net,6079703250,"021 Kennedy Locks, Lake Emily, MI 94549",7
252,Nichole Brown,junior software engineer,HTML,1987-05-11,2020-09-23,jamie19@example.net,5713488767,"6286 Raymond Shores Suite 572, North Marcusshire, NH 44520",4
293,Brandon Zuniga,junior data engineer,Python,1982-01-01,2020-09-30,michael42@example.net,160028405262597,"9220 Clark Fort, New Debraland, MH 29651",4
459,Jessica Johnson,junior data engineer,Data Warehousing,1971-08-22,2016-07-31,kfrederick@example.org,176185278016076,"84661 Ruth Oval, Monicastad, NJ 96934",8
122,Thomas Richardson,senior data engineer,Data Lakes,1968-11-13,2023-03-23,smithcalvin@example.com,9055864337,"5679 Veronica Forge, Kaylachester, IN 26842",1
169,Barry Riley,senior data analyst,Statistics,1958-12-08,2023-02-02,dware@example.com,12384733668985,"368 Vincent Road Suite 192, Lake Valerie, MN 44351",1
449,Troy Henry,senior data engineer,Hadoop,1962-02-12,2010-02-07,jbrewer@example.com,7138411974,"60758 Hancock Point Apt. 877, Jamesstad, VI 34687",14
211,Derrick Woods,senior data analyst,Predictive Analytics,1963-03-20,2011-01-14,marquezmichelle@example.org,134528236883393,"91461 Lee Bypass, Alvarezchester, VT 69000",13
334,Bianca Phelps,junior data analyst,Tableau,1981-10-23,2015-07-02,zclark@example.net,9795100464487,"4879 Douglas Rapids Suite 866, Fullerside, WA 76239",9
66,Nicholas Smith,senior data scientist,Machine Learning,1959-07-12,2009-09-10,mgonzales@example.org,4993502485,"72344 Gray Port Suite 633, Danielview, WA 93491",15
10,Drew Burke,senior data analyst,Predictive Analytics,1954-08-10,2009-11-29,jack98@example.net,174478672704507,"49649 Melissa Rapid Apt. 053, Port Jimmyburgh, ND 20044",14
306,Robert Roberts,senior data engineer,Data Lakes,1981-05-26,2014-05-10,vincentlisa@example.net,624488583234449,"138 Steven Burgs, North Wayne, WA 60358",10
103,Ethan Sullivan,senior software engineer,Cloud Computing,2005-01-16,2020-03-21,elizabethanderson@example.com,18573154592,"63429 Willis Rapid Apt. 581, West Evan, NH 27192",4
188,Jasmine Medina,junior data analyst,Tableau,1960-07-24,2009-02-04,kennethlopez@example.com,806282724598747,"52131 Stephanie Creek Suite 020, Clarkside, AL 53510",15
177,Susan Larsen,junior software engineer,HTML,1984-11-23,2005-03-09,mkrause@example.net,78454812291921,"Unit 9429 Box 9309, DPO AP 87687",19
145,John Adams,senior data scientist,Machine Learning,2006-01-27,2017-03-06,jeffreymiller@example.net,16623635810,"543 Fisher Lodge, West Hollystad, NV 31101",7
51,Daniel Mason,senior data scientist,Natural Language Processing,1966-01-05,2006-10-22,hinesmark@example.net,42875955818723,"2797 Matthews Squares, North Kellytown, NH 95727",17
210,Daniel Lewis,senior software engineer,Cloud Computing,1958-04-27,2022-04-21,vwebb@example.com,78226728415120,"3284 Kimberly Route, Leebury, CO 88780",2
41,Nicole Rivera,junior data scientist,Data Visualization,1964-01-15,2014-04-26,delgadojennifer@example.com,84698251126818,"85621 Johnson Rest, New Justin, KY 91419",10
304,Elizabeth White,junior data engineer,Data Warehousing,1966-07-08,2018-10-13,bryanjohnson@example.com,76849617223710,"12866 Madison Mill, South Brianstad, FM 28322",5
423,Christina King,senior software engineer,Cloud Computing,1965-02-27,2021-01-08,pwalker@example.net,14425462833182,"4285 Justin Summit Suite 091, Smithshire, PA 90957",3
211,Leslie Marks,senior data analyst,Statistics,1973-11-19,2016-07-14,volson@example.org,15872900017656,"849 Hernandez Light, South Timothytown, MH 97989",8
438,Adrian Diaz,junior data analyst,Tableau,2002-06-17,2005-12-31,sherry18@example.com,167220316119702,"5237 Christina Summit Apt. 213, New Melissahaven, ID 93667",18
430,Jamie Cruz,senior data engineer,Spark,1965-08-21,2013-10-05,teresabaker@example.com,2023268229326,"28369 Jaclyn Inlet Apt. 567, Josephburgh, TN 31629",11
425,Sean Smith,senior software engineer,DevOps,1982-08-04,2016-12-26,george12@example.org,38054185195949,"8043 Nicholas Island, Nathanberg, MS 78194",7
101,Christopher Johnson,senior data engineer,Spark,1962-11-01,2020-02-20,bishopkathleen@example.com,18103350486,"735 Jacqueline Summit, New Davidton, VI 02535",4
479,Ashley Keller,senior data engineer,Spark,1993-06-12,2007-12-12,paigewhite@example.org,9386104233680,"1199 Kevin Dale, Port Michael, VT 04734",16
302,Marco Frank,senior software engineer,DevOps,1978-02-11,2019-05-13,pglenn@example.net,702777688659284,"523 Christopher Wall, Bryanland, WA 77302",5
328,Michael Beard,junior data scientist,Python,1975-03-11,2005-02-17,stephenscarolyn@example.org,737619610465737,"3679 Christopher Extensions Apt. 807, Popeland, AS 40455",19
195,Jason Fox,senior data scientist,Machine Learning,1969-10-20,2017-10-04,charles81@example.com,5213977623,"88235 Elizabeth Square, Lake Benjaminburgh, NH 33427",7
102,Linda Gilmore,senior data engineer,Spark,1983-12-24,2011-10-17,jonathan11@example.com,4475449947,"621 Kristen Cliff, Miguelhaven, MA 98094",12
63,Justin Hernandez,junior data engineer,ETL,1969-03-11,2013-09-18,brittneyeaton@example.net,17939117977,"66783 Thomas Mission, Manningfurt, ID 30540",11
91,Sean Hansen,junior software engineer,HTML,1977-08-27,2017-03-25,carlacampbell@example.com,57170657989453,"58224 Mendoza Camp Suite 319, Joanneland, NC 82167",7
448,Anna Holt,junior data scientist,Data Visualization,1972-05-04,2015-09-06,diane68@example.com,1646241468150547,"779 Jeffrey Cove, New Mikeborough, VT 58427",9
263,Margaret Ferguson,senior data scientist,TensorFlow,1983-02-18,2011-09-15,amanda83@example.net,4264770269796,"4626 Mccullough Square Apt. 282, North Jamie, FL 20969",13
252,Ian Powers,junior data scientist,Python,2003-03-20,2010-02-07,kimberly59@example.net,39072582341622,"710 Barbara Locks Apt. 771, Scottton, NV 07584",14
435,Jared Cochran,junior data engineer,Python,1977-11-29,2009-02-19,nathanpitts@example.com,53987074301886,"68337 Kayla Turnpike Apt. 926, New Melissaton, MH 84890",15
118,Cassandra Jackson,senior data scientist,Machine Learning,1956-12-13,2021-09-18,amanda78@example.org,5484028247,"35971 Williams Lodge, Gregorymouth, MA 54018",3
492,Jose West,junior data analyst,SQL,1990-05-12,2021-11-16,prestonwalker@example.net,267596330072415,"1608 Troy Locks, New Thomastown, AS 78291",2
135,Randy Davis,senior software engineer,Microservices,1961-01-23,2015-11-09,castillojennifer@example.net,227972186015741,"8637 Tamara Summit, East Jerometown, RI 79460",8
495,Mark Rosales,senior software engineer,Microservices,1990-12-31,2018-03-26,antoniohall@example.net,8176823706244,"835 Cynthia Prairie, South Christineland, MA 81935",6
443,Richard Hanson,senior data engineer,Hadoop,1955-09-27,2021-03-10,gina44@example.com,534203426153866,"00504 Megan Canyon, New Jenniferberg, MO 57406",3
142,Julie Adams,junior data analyst,Excel,1981-01-30,2024-07-21,amanda69@example.com,92171893291798,"Unit 5513 Box 9731, DPO AE 62352",0
28,Emily Cook,junior data engineer,Python,2003-03-21,2022-10-28,allensanchez@example.net,14924362123,"USNV Hicks, FPO AA 28214",1
398,Thomas Ryan,junior software engineer,HTML,1995-10-05,2017-04-16,amy94@example.net,15118611026093,"0222 Colleen Ports, Mollyfurt, OR 53445",7
122,Crystal Dominguez,junior software engineer,HTML,2003-07-29,2015-03-28,klewis@example.com,5773181104,"2375 Pearson Garden, North Aaron, DC 39547",9
244,Dr. Tonya Howard,junior data engineer,Python,1963-01-07,2018-10-22,marksmith@example.com,3818487278,"74042 Mason Parks Apt. 405, West Teresamouth, AS 04743",5
312,Kimberly Smith,senior data scientist,Natural Language Processing,1956-08-06,2024-01-24,holmesrichard@example.net,8307343225555,"4775 Brandon Drive Suite 310, Tammyside, KS 02146",0
121,Wesley Joseph,junior data scientist,Python,1979-06-13,2017-01-10,robertschultz@example.com,5588799291,"248 Sophia Ports Suite 083, Simmonsstad, CA 54005",7
59,Christopher Haas,junior data scientist,Data Visualization,2005-04-20,2012-03-20,danielsingh@example.org,35953466424010,"USNV Wilson, FPO AP 01967",12
489,Michael Willis,junior data analyst,Tableau,1955-05-06,2022-11-02,yfuller@example.net,9049747290612,"1950 Erika Trafficway Apt. 870, West Yolandastad, MA 52703",1
60,Karen Mueller,senior data analyst,Predictive Analytics,1987-10-28,2023-10-11,bmercado@example.net,6424525520918,"785 Karen Divide, Christineview, MN 33650",1
104,Gail Galvan,junior data analyst,SQL,1972-12-03,2021-12-21,devonduncan@example.com,2476207224,"1175 Thomas Grove, Crystalside, GA 22760",2
419,Alison Walsh,senior software engineer,Cloud Computing,1985-03-12,2015-03-24,luis84@example.org,8608597298657,"56166 Brian Shoals Apt. 878, New Cherylland, NY 48101",9
239,Manuel Johnson,junior data analyst,SQL,1989-10-18,2008-08-23,lancewagner@example.org,94432872804471,"PSC 8790, Box 3999, APO AA 78158",16
428,Colin Myers,senior software engineer,Cloud Computing,1993-04-01,2020-06-18,cassandraobrien@example.com,19745022807,"08853 Garcia Tunnel, East Lisaview, KY 60102",4
163,Rachel Weaver,senior data analyst,Data Modeling,2003-01-14,2009-04-07,barajaswilliam@example.net,7596282331,"USCGC Butler, FPO AE 06313",15
361,Patricia Fisher,senior software engineer,Cloud Computing,1954-12-29,2010-03-03,james85@example.org,726992323726285,"98857 Sydney Ford, South Jennifer, KS 63766",14
469,Joseph Preston,senior data analyst,Data Modeling,2000-07-13,2015-08-04,jonathanwilliams@example.org,199488151796198,"19440 Elizabeth Greens, South Russell, DE 88174",9
269,Andrew Vargas,junior data analyst,SQL,1988-09-26,2010-02-26,colin14@example.net,789465064647887,"USNS Pennington, FPO AA 62290",14
497,Wayne Sawyer,senior data engineer,Hadoop,1972-06-26,2009-11-20,leah26@example.org,1665931829904956,"5362 Thompson Landing Suite 801, New Linda, ME 75823",14
392,Jessica Perez,junior software engineer,JavaScript,1991-04-19,2007-09-10,nancy99@example.net,661605528892241,"545 Smith Street Apt. 750, Port Timothy, MN 90077",17
453,Valerie Jacobs,junior data scientist,Python,2006-02-23,2022-05-21,hendersonsharon@example.net,17342774332159,"080 Sarah Roads Apt. 694, Seanstad, MA 76125",2
180,Thomas Bell,senior data analyst,Predictive Analytics,1973-12-21,2021-01-01,gloriadowns@example.org,16914736352,"88530 Hooper Loop, Richardsonmouth, TX 64972",3
418,John Scott,junior data analyst,Excel,1954-10-06,2010-05-30,paul59@example.org,8886204305230,"PSC 7032, Box 9913, APO AA 84384",14
274,Antonio Harris,senior software engineer,DevOps,2004-10-24,2015-06-10,ricardomeyer@example.com,13373208876977,"8190 Nash Turnpike, New Barbara, LA 54945",9
290,Rickey Miranda,junior data engineer,Python,1997-08-17,2010-07-13,alexanderpacheco@example.com,8587937597,"Unit 2492 Box 8636, DPO AP 48580",14
426,Andrew Randall,junior data scientist,Python,1970-05-03,2016-09-20,ashleycarrillo@example.com,6798866960734,"9364 David Harbor Suite 917, Hallfort, IL 80259",8
183,Timothy Rios,senior software engineer,Cloud Computing,1991-10-22,2014-11-21,rbuckley@example.org,16293535021,"582 Stanton Villages Suite 929, Jenniferstad, CO 84881",9
5,Angela Lyons,senior data engineer,Spark,1956-09-17,2010-04-30,millerchristopher@example.org,7106518444226,"3369 Morgan Plaza Apt. 082, Amberbury, NM 26740",14
164,Tonya Harper,senior data engineer,Data Lakes,2006-04-16,2022-06-24,dawn76@example.org,2582796944,"339 Miller Centers, Michaelborough, WA 80750",2
47,Donald Lopez,senior data engineer,Data Lakes,1989-05-21,2018-09-09,wendystewart@example.com,15144031712347,"3473 Brianna Wells Suite 290, Stanleymouth, GA 81866",6
387,Kyle King,senior data engineer,Data Lakes,1962-12-25,2024-07-28,kathy46@example.com,640536758165073,"149 Kara Cliff Suite 271, Chavezville, WI 87456",0
71,John Bolton,junior data analyst,SQL,1982-12-15,2019-01-05,jasongay@example.net,8994808927802,"16650 James Burg Suite 335, Lake Crystal, ME 92339",5
185,Tamara Hoffman,junior data scientist,Python,1988-10-19,2016-12-06,smithlaura@example.com,4987215090,"7277 James Meadows Apt. 591, East Jacquelineland, AZ 50695",7
56,Peter Chapman,junior data scientist,Python,1966-11-01,2016-07-29,patriciastout@example.com,13486751544322,"USNV Porter, FPO AA 38468",8
479,Mark Lowery,junior data analyst,Excel,1998-09-13,2017-08-06,boltonjamie@example.com,5218339241,"3028 Morris Island Apt. 617, North Christopher, MA 21714",7
302,Mrs. Doris Jones,senior data scientist,Natural Language Processing,1999-04-11,2019-11-03,wrightcatherine@example.net,2215846650,"94879 Lopez Ridge Apt. 980, North Mariashire, SC 84632",4
75,Mark Owens,junior data analyst,Tableau,2002-01-24,2018-02-26,blevinssandra@example.org,5533267334,"2118 Victor Cliff Apt. 345, North Davidtown, KY 08205",6
416,Jason Humphrey,senior software engineer,Microservices,1968-03-04,2008-10-01,djuarez@example.net,1437663794507899,"6298 Beck Shoal, Lake Jacobberg, CT 11424",16
352,Robert Good,junior software engineer,HTML,1955-10-13,2020-04-27,nwiley@example.net,8053778176,"USNS Watson, FPO AP 46569",4
122,David Davis,junior data engineer,ETL,1961-11-06,2022-08-19,andrew55@example.com,1877494207758720,"513 Jones Glen Suite 090, South Grace, VA 59201",2
467,Amy Marshall,junior data engineer,Data Warehousing,1985-12-03,2019-04-20,dana47@example.com,4628457648,"267 Lisa Mountain, East Andrew, OK 58058",5
130,Jennifer Stevens,junior software engineer,HTML,2006-03-10,2011-02-18,longpatrick@example.net,9929338146,"02779 Olson Junction, New Catherineton, ID 71485",13
311,Anne Wright,senior data analyst,Data Modeling,1957-03-14,2023-07-14,kim74@example.org,4836107485,"USS Ruiz, FPO AA 71276",1
335,Susan Turner,junior data engineer,Data Warehousing,1958-10-24,2011-10-25,brownleslie@example.org,154247192556223,"Unit 2435 Box 5362, DPO AA 42380",12
385,Aaron Hayes,senior data engineer,Spark,2002-05-18,2007-05-25,murphymatthew@example.net,7294534430,"7318 Christine Springs, East Lisa, ND 89275",17
438,Sheri Robinson,senior data engineer,Spark,1972-12-08,2008-04-20,jose24@example.org,16452954128,"9660 Latasha Squares Apt. 183, Smithfort, AS 51761",16
9,Donald Stewart,senior software engineer,Microservices,1993-01-27,2018-02-06,spencerjennifer@example.com,9706421707,"PSC 4610, Box 8187, APO AE 54900",6
331,Margaret Cummings,senior software engineer,Microservices,1980-12-25,2022-04-26,zacharywagner@example.org,15452316128657,"02133 Christina Locks Apt. 987, West Codyton, WY 23687",2
493,James Moran,junior data engineer,Data Warehousing,1987-10-19,2005-02-06,smithjeanne@example.net,6906333114,"19087 Jennifer Drive Apt. 776, East Deanshire, OR 14071",19
29,Abigail Mullen,junior software engineer,CSS,1958-06-15,2024-08-09,vmiller@example.com,7957820151,"130 Nicholas Cliffs, Roachtown, ND 38437",0
347,Nathan Duffy,junior software engineer,HTML,1983-05-23,2009-07-02,nolanmichelle@example.com,8806338798669,"6736 Beth Harbor Suite 907, Millermouth, OK 22704",15
415,John Morse,junior data engineer,ETL,1963-07-31,2022-10-06,jeffrey53@example.com,26122220877106,"420 Villegas Point, Kennethview, AL 48817",2
407,Nathan Moore,junior software engineer,CSS,2003-07-09,2006-12-31,scott30@example.net,3145621551483,"9957 Jade Motorway, Port Patrickside, KS 89637",17
304,Brooke Khan,senior data engineer,Spark,1973-02-07,2005-11-08,james69@example.com,12087554120692,"898 Christina Rapids, Port Ericberg, MI 15430",18
32,Megan Reynolds,senior data engineer,Data Lakes,1965-10-03,2007-11-11,hickskaitlin@example.net,456287340194244,"3939 Donna Square Apt. 834, Mahoneychester, OH 82172",16
255,Andrew Harper,senior data analyst,Statistics,1974-05-29,2008-08-28,sarahlawson@example.com,776765792773166,"53006 Gregory Valleys, Stuartside, FL 74631",16
172,Michael Morris,senior software engineer,DevOps,1974-04-29,2019-07-15,kimberlybailey@example.net,2427864371,"2315 Darren Valley Suite 923, Lake Alexander, MH 18859",5
10,Eric Nguyen,junior data engineer,ETL,1998-09-10,2016-10-25,zgalvan@example.com,7576336424,"PSC 0424, Box 9870, APO AA 31705",7
377,Lauren Williams,junior data scientist,Data Visualization,1973-10-19,2021-04-24,xharper@example.org,9686260810,"Unit 4503 Box 3793, DPO AA 32454",3
213,Kenneth Tapia,junior software engineer,HTML,1969-08-26,2022-09-21,bradleydonovan@example.net,737258780232368,"1202 Tamara Park, Port Christine, KY 86544",2
259,Elizabeth Grant,senior data analyst,Data Modeling,1978-06-02,2007-04-20,david90@example.org,5203691347,"1780 Caldwell Roads, Hollandmouth, WY 72440",17
104,Madeline Trujillo,junior software engineer,HTML,2001-10-21,2015-04-13,williamyork@example.com,316472715928882,"838 Molly Ramp, West Stevenstad, ND 12609",9
49,Amanda Wall,senior data analyst,Statistics,1961-07-03,2004-11-04,diana26@example.org,16828124650,"USS Adams, FPO AA 78573",19
336,Angela Stephenson,senior data analyst,Predictive Analytics,1991-02-14,2013-08-07,castanedadonald@example.org,5565611241,"4135 Leonard Place, Dianebury, MP 52886",11
27,Morgan Sanders,junior data analyst,Excel,1973-03-26,2008-09-14,evanshenry@example.com,192980881178095,"358 Stewart Park, Port David, MO 02022",16
157,Amanda Burton,junior data engineer,Python,1995-12-26,2024-03-26,salazarsusan@example.org,91782193343713,"PSC 3836, Box 6041, APO AP 11621",0
386,Beverly Green,junior data analyst,Tableau,1981-11-22,2006-06-04,tcarroll@example.net,1202980360091361,"471 Tracey Club, Catherineview, OR 25854",18
355,Steven Johnson,senior data analyst,Data Modeling,2005-10-10,2016-03-15,matthew77@example.net,9773186088964,"40082 Rivera Circles Apt. 210, Christianchester, NV 82240",8
22,Christopher Foster,senior software engineer,Cloud Computing,2000-05-07,2012-12-02,sandersrodney@example.net,9425031012,"1654 Carol Lane Suite 404, Chaseport, NJ 01662",11
258,James Vaughn,senior data scientist,Machine Learning,1991-09-22,2008-07-17,wallacemargaret@example.org,4522888689859,"Unit 0789 Box 1549, DPO AP 65962",16
425,Stephanie Singh,junior data analyst,Tableau,1969-08-15,2013-07-15,valenciastephanie@example.net,12798403517414,"188 Michael Brook Suite 540, Paynemouth, PW 12845",11
426,David Spencer,junior data analyst,Excel,2004-05-03,2024-09-13,crawforddavid@example.net,14912032004,"71823 Kevin Pike Suite 863, Danielborough, VI 88389",0
312,Natalie Jackson,junior data engineer,ETL,2004-10-27,2015-04-12,maldonadoedward@example.com,307784049662017,"2374 Morris Plaza, Clarkeview, AR 49543",9
44,Jessica White,junior data scientist,SQL,1967-05-02,2017-07-03,michael23@example.net,9353888961,"293 Michael Falls Apt. 279, New Tinamouth, ID 72494",7
382,Carolyn Sanchez,junior data scientist,SQL,1962-12-24,2016-07-19,william00@example.net,2479740027,"291 Brian Square, Dustinmouth, KY 93525",8
14,Stephanie Baldwin,junior software engineer,HTML,1978-08-11,2011-07-29,melinda83@example.net,16578158806,"Unit 2204 Box 1412, DPO AA 09442",13
100,Michelle Simpson,junior software engineer,JavaScript,1965-07-29,2014-10-06,harveymegan@example.org,18198687132,"2383 Long Pike, West Kevinhaven, ME 79878",10
447,Karen Smith,senior data scientist,TensorFlow,1991-01-15,2020-04-17,megan63@example.com,173287734134043,"470 Scott Island, Weberbury, NM 24322",4
356,John Grimes,senior data engineer,Hadoop,1954-03-28,2007-02-23,wharrison@example.org,3754502975,"0355 Brown Rest, New Cindymouth, UT 90443",17
95,Annette Nelson,senior software engineer,Microservices,1955-04-24,2017-05-18,kathleenmedina@example.org,156543050234511,"446 Andrew Squares Suite 743, Watkinsmouth, MH 82405",7
195,William Dougherty,junior software engineer,HTML,1981-12-05,2017-05-20,nicole45@example.org,197567685223482,"4784 Morrow View Suite 098, South Loretta, MH 11368",7
146,Steven Griffin,senior software engineer,DevOps,1988-02-26,2013-07-24,emcclure@example.com,9868282671,"585 Flowers Junctions Suite 926, Susanland, ND 97244",11
120,Jamie Thomas,junior data engineer,ETL,1995-05-18,2005-08-09,keithjohnson@example.net,356404052652226,"4831 Garrett Trace, Lake James, AR 18439",19
276,Jordan Cole,senior data analyst,Predictive Analytics,1985-07-26,2019-11-22,greenmichael@example.org,17385179683989,"520 Michael Row Suite 055, East Joychester, SD 17072",4
440,Chris Johnson,junior software engineer,JavaScript,1993-11-30,2022-10-04,garciaanthony@example.com,169590351525181,"4541 Adams Squares, West Ashleybury, MO 55427",2
489,Taylor Martin,junior software engineer,JavaScript,1954-12-17,2024-04-03,josewarren@example.net,7382773444,"349 Andrew View, North Barbara, SD 97662",0
120,Kyle Barajas,junior data engineer,Python,1995-01-23,2014-01-31,catherinesims@example.org,7663888196,"USNS Rogers, FPO AE 41295",10
173,Joseph Foster,senior data scientist,TensorFlow,1970-10-18,2005-12-09,acortez@example.net,9883113784,"405 Robinson Rest Suite 850, East Michael, UT 82011",18
400,Rebecca Myers,senior data scientist,Natural Language Processing,1981-06-21,2011-12-12,andrew12@example.org,49154398302032,"82413 Stewart Plaza, Martinville, VA 07551",12
178,Jessica Ramirez,senior software engineer,DevOps,1956-10-23,2015-03-21,zestrada@example.net,149791538148403,"07173 Gutierrez Curve Apt. 842, South Maryberg, WV 79401",9
379,David Holland,senior data analyst,Statistics,1981-01-09,2022-12-16,beckerrichard@example.org,6289160802293,"177 Steven Dale, New Sarahborough, MD 12357",1
232,Gabriel Sherman,senior software engineer,DevOps,1978-11-09,2011-06-01,scollier@example.net,4014837667,"30228 Wade Mews Apt. 124, Porterstad, AZ 15615",13
388,Martin Graham,senior data scientist,Natural Language Processing,1957-09-29,2009-01-12,zrobles@example.com,72030991523006,"983 Brandon Crest Apt. 042, North Deborahchester, PR 82515",15
287,Melissa Thompson,senior data scientist,TensorFlow,1994-05-10,2020-01-18,dylanmorgan@example.org,897514211131707,"18926 Rachel Wall Suite 415, Lake Wesley, MP 63862",4
287,James Crane,junior data scientist,SQL,1963-12-15,2007-11-03,ojacobs@example.com,6945724791,"9955 Ray Via, Lake Haroldport, NC 76981",16
272,Nathan Bennett,junior data analyst,Excel,1967-10-04,2023-03-25,uward@example.org,5633445884,"421 Bobby Spur Suite 242, New Joanna, SD 89823",1
168,Kevin Reilly,junior data analyst,SQL,1971-10-13,2015-09-18,diane36@example.net,618488217410009,"836 Shannon Garden Apt. 399, South Kenneth, MH 77839",9
498,Katelyn Jones,senior data scientist,TensorFlow,1961-08-21,2007-08-07,roger96@example.org,13819516546429,"231 Samantha Key, Davisstad, ID 79758",17
163,Thomas Young,junior data analyst,Tableau,1967-09-13,2009-07-13,hward@example.net,153327943923841,"8172 Samantha Place Suite 576, Clineland, MP 69255",15
292,Barry White,senior software engineer,Microservices,2001-10-21,2017-12-27,beltranelizabeth@example.org,152025636865522,"82837 Barbara Lane, East Lauraborough, TN 71068",6
285,Christopher Holden,senior data engineer,Spark,2003-06-12,2021-03-23,ryan74@example.org,168862721687772,"8115 Whitehead Forks Apt. 071, Eddieside, WV 63851",3
461,Kevin Norris,senior data analyst,Predictive Analytics,1960-02-19,2019-10-06,jared27@example.com,76734012802825,"00528 Washington Pass, West Amber, DE 14174",5
485,Maria Greene,junior data scientist,Data Visualization,1984-03-20,2009-01-02,websterjonathan@example.com,5548508422,"9173 Flores Inlet Suite 134, Gomezmouth, MP 17891",15
104,Susan Kennedy,junior data analyst,SQL,1972-09-27,2013-04-11,cindyrogers@example.net,8825369677335,"726 Kelly Wells, East Heather, MN 23817",11
189,Julie Walters,junior software engineer,HTML,1985-04-06,2011-07-18,davisdavid@example.com,5922630021,"62914 Wilkinson Square Apt. 387, Victoriaborough, MD 23856",13
234,Elizabeth Richardson,senior data analyst,Predictive Analytics,1986-09-27,2012-11-02,alicia18@example.net,3333074554,"30901 Barnett Loop Apt. 331, Douglaschester, TN 65536",11
354,Robert Henry,senior software engineer,Cloud Computing,1979-08-15,2013-07-22,lsmith@example.com,8594237652354,"92489 Wu Causeway, Nicolehaven, PW 59308",11
131,Ryan Ochoa,senior data analyst,Statistics,2003-02-16,2009-01-25,alisonjennings@example.org,5482301848041,"44362 Latasha Oval, East Wayne, NY 71677",15
437,Ian Nguyen,senior data scientist,Natural Language Processing,1989-07-31,2009-10-30,abbottvanessa@example.com,7669000735,"7635 Meagan Fields Suite 990, Lake Daniel, VA 79935",14
208,Rebecca Phelps,senior data scientist,Machine Learning,1981-03-14,2014-08-06,phamilton@example.net,191288425031599,"41271 Adrian Orchard Apt. 099, New Lindsayport, TX 05024",10
305,Donna Wilson,junior software engineer,JavaScript,2006-05-12,2019-03-04,abarber@example.com,34466904444046,"PSC 0100, Box 7583, APO AA 36346",5
100,Thomas Bailey,senior software engineer,Microservices,1958-01-25,2008-09-09,haaskeith@example.org,8564995037,"2224 Phillips Villages Apt. 586, Hallland, LA 25053",16
488,Denise Jones,junior data analyst,SQL,1984-11-23,2019-03-16,crodgers@example.net,4475397350,"2718 Ricky Ford, Charlesfurt, IL 05767",5
26,Melissa Reyes,senior data engineer,Spark,1976-06-24,2023-02-06,dthompson@example.net,15323791281481,"35290 Alicia Alley Apt. 924, Barberbury, OK 56024",1
294,Aaron Franco,senior data engineer,Hadoop,1985-02-13,2013-10-27,seananderson@example.org,38343207073082,"37784 Marcus Plain, Lambertburgh, VA 31468",10
34,Shelby Miranda,junior software engineer,HTML,1972-08-22,2020-05-31,jill15@example.org,1871482359680209,"07513 Dean Lodge, Greeneside, CO 66552",4
312,Karen Moore,senior data engineer,Data Lakes,1958-04-10,2008-05-05,bennettlaura@example.com,658414472606188,"618 Joanne Creek, Charlesport, FL 41168",16
170,Daniel Maynard,junior software engineer,JavaScript,1982-01-25,2009-08-11,harringtonjames@example.com,542393110953246,"PSC 4417, Box 9882, APO AP 06308",15
111,Richard Gilbert,senior data engineer,Spark,1964-09-08,2021-04-06,cstephens@example.com,22191794645376,"PSC 7717, Box 8226, APO AA 18051",3
188,Carlos Mcneil,junior software engineer,CSS,2005-01-29,2007-04-29,fsmith@example.net,164256757179073,"5721 Moore Tunnel Suite 298, Michaeltown, KY 90366",17
452,William Brown,junior data engineer,ETL,1983-04-23,2012-01-14,melissa68@example.net,2074648854,"557 Bruce Skyway, West Jennaview, OR 69957",12
61,Kimberly Mendez,senior data analyst,Data Modeling,1960-12-26,2006-02-06,michaelsalas@example.com,5377830511,"PSC 5444, Box 4077, APO AE 33693",18
99,Dr. Jeffrey Jimenez MD,junior data scientist,SQL,1987-07-15,2007-03-01,zhardy@example.com,82226476998597,"8188 Webb Avenue Apt. 581, Debrafurt, CA 38192",17
425,Teresa Perez,senior data scientist,Natural Language Processing,2002-11-26,2017-01-13,diazdavid@example.net,7819865501,"94633 Kara Plains Apt. 827, Warrenmouth, MH 57314",7
320,Andrew Floyd,junior data engineer,Data Warehousing,1960-07-22,2017-08-27,lpark@example.net,9954725082,"67369 Bryant Islands, Lake Melissamouth, VA 58787",7
289,Jordan Fields,junior data analyst,Excel,1981-02-13,2007-03-29,burgessjennifer@example.com,87166332195552,"31815 Mercedes Alley Suite 231, Travismouth, OH 65265",17
176,Ryan Dillon,senior data analyst,Data Modeling,1966-05-10,2022-03-17,meyerlisa@example.org,4457519750941,"7980 Kaitlyn Fords, East Melissaport, TX 12481",2
271,Brianna Rodriguez,senior software engineer,Cloud Computing,2001-05-01,2020-03-23,goodmankim@example.com,50449348566109,"69991 Colin Hollow, East Natasha, WV 36334",4
433,John Harrington,junior data analyst,Tableau,1968-08-09,2009-07-07,troyjackson@example.net,1238399624812727,"2702 Ware Trail, Markville, DC 25956",15
322,Ruth Miller,senior data scientist,Machine Learning,1954-08-09,2019-12-02,amy77@example.org,9958012057392,"635 Rodriguez Common, Craigport, WY 07802",4
102,Jennifer Leblanc,senior software engineer,DevOps,1958-06-24,2022-05-17,emilychung@example.net,3403425202,"28685 Christopher Cape Suite 334, West Frederick, WI 33245",2
280,Lauren Beck,junior software engineer,JavaScript,1961-03-15,2016-12-26,greid@example.com,795382301753866,"Unit 0170 Box 0238, DPO AA 41638",7
371,Jimmy Crane,senior data engineer,Hadoop,1994-09-25,2014-12-28,emily17@example.org,72154214467870,"1560 Troy Ramp Apt. 761, South Alicia, TN 69137",9
158,David Hunter,senior data scientist,TensorFlow,2003-04-11,2016-03-04,mcfarlandcathy@example.net,134770688781030,"3926 Justin Isle, Pierceshire, TX 67015",8
339,Shaun Fisher,senior data engineer,Spark,1999-09-25,2019-06-08,marshallrobert@example.net,3398936337,"USS Vazquez, FPO AP 00934",5
483,Kristine Sosa,junior data scientist,Python,1958-10-16,2013-09-27,shannon89@example.net,721858608898773,"4624 Melissa Motorway, Gonzalezton, MD 42448",11
171,Samuel Garza,senior data scientist,TensorFlow,1999-05-08,2019-01-31,wagnerelizabeth@example.net,534423470960078,"3310 Alyssa Pines, East Dakotahaven, MA 13854",5
32,Keith Barnett,senior data analyst,Statistics,1991-12-16,2011-04-15,nicolecole@example.com,8105905014052,"11773 Gregory Stravenue Suite 847, West Shannon, UT 26855",13
461,Paul Moore,junior software engineer,JavaScript,1966-11-05,2023-04-14,brownjason@example.com,28562283398603,"23572 Owens Ways Apt. 078, Bryantport, AS 66764",1
182,Lauren Craig,senior data scientist,TensorFlow,1991-08-10,2004-10-21,adamschultz@example.com,480245094637444,"065 Abbott Shoals Apt. 942, Rojashaven, IA 84729",19
138,Scott Melton,junior software engineer,CSS,1992-01-23,2011-07-03,raymondyoung@example.org,41842072814429,"041 Andrews Divide Suite 899, Zacharyview, DC 43674",13
72,Ryan Martinez,junior software engineer,CSS,1977-08-17,2012-04-05,samuelthomas@example.net,789485882953073,"81774 Riley Port, Nicoleshire, NH 23505",12
62,Kenneth Holloway,senior software engineer,Cloud Computing,1959-07-25,2018-09-10,daviddiaz@example.org,4017144529,"PSC 2141, Box 2123, APO AE 02493",6
387,Alexandra Young,junior data analyst,SQL,1982-09-02,2021-04-25,sscott@example.org,3355976710276,"030 Hudson Valleys Apt. 662, Gilmoreburgh, GU 03928",3
265,Steven Ayers,junior data scientist,SQL,1984-08-05,2008-02-06,pdavid@example.net,14339509018721,"372 Lowery Cliffs, West Katie, AS 41571",16
182,Joanna Greene,junior data scientist,Python,1981-08-19,2004-11-30,pierceaimee@example.com,19775314034909,"8419 George Dale Suite 061, Dennismouth, FL 91081",19
175,Brandi Kane,junior data engineer,Python,1996-04-23,2008-07-22,juanwalker@example.org,18114261549783,"0180 Ellison Street Suite 701, Masonborough, WY 24827",16
77,Mallory Irwin,senior data engineer,Hadoop,1969-10-06,2020-08-26,rebecca05@example.org,1367248430370103,"586 Christopher Rue Apt. 379, Billytown, UT 89345",4
154,Jessica Moore,junior data engineer,ETL,1962-01-28,2010-09-20,tmorgan@example.com,13027731883173,"83346 Anthony Mall, Jameston, FL 04830",14
309,Mary Lopez,senior software engineer,Cloud Computing,1959-03-17,2017-06-16,david13@example.org,15464821861,"32578 Vaughan Pass, Jessicastad, CT 28651",7
456,Robert Baker,junior data analyst,SQL,1981-09-19,2018-09-02,cody83@example.net,830467298815089,"9495 Lowe Ports Suite 179, Lake Stephanie, MN 90539",6
144,Jennifer Perez,senior data engineer,Spark,1975-07-19,2023-10-01,camposmelissa@example.net,14156920304776,"23290 Flores Loaf, North William, WA 50845",1
54,Savannah Benson,junior software engineer,CSS,1958-11-22,2023-09-03,tammycampbell@example.net,868672570415525,"2814 Gibbs Locks Suite 969, Reedburgh, WY 02388",1
485,Christopher Wood,junior data engineer,Data Warehousing,1962-02-09,2013-02-07,manuelholmes@example.org,767914609485176,"2039 Kevin Path, Mariaburgh, CT 14664",11
460,Barbara Martinez,senior software engineer,DevOps,1968-06-24,2013-02-16,kelly10@example.net,7615561350,"2970 Hendricks Brooks Suite 531, West Michaelchester, DE 65959",11
131,Grant George,junior software engineer,JavaScript,1990-04-03,2015-04-12,christophervelez@example.com,13173012886,"0123 Martin Extension, Silvamouth, DC 98989",9
297,Heather Byrd,junior software engineer,HTML,1966-08-04,2015-06-29,colleenatkins@example.com,4833300586,"561 Olson Dam Suite 988, South Danaberg, NJ 94318",9
73,Maria Rasmussen,junior data scientist,Python,1966-04-14,2008-08-04,campbellgarrett@example.org,12729671726,"3150 Brianna Haven, South Elizabeth, CO 10346",16
395,Sarah Williams,senior data analyst,Predictive Analytics,2000-12-04,2014-06-20,dweaver@example.net,97130696204883,"901 Heidi Port, Lake Valeriebury, VA 77797",10
325,Andrew Peterson,senior data engineer,Spark,1975-07-04,2016-04-30,christopher03@example.com,6185319154,"462 Dawn Summit Apt. 838, Lake Shaneside, AK 85124",8
41,Amy Brown,senior data scientist,Natural Language Processing,1986-04-01,2008-12-03,kkirby@example.org,6709132046,"99791 Denise Mountain Suite 055, East Cathy, GU 45519",15
127,Zachary Morales,junior data scientist,Data Visualization,1973-03-05,2020-04-14,walkerjoshua@example.net,9437596795962,"328 Sampson Motorway Suite 732, South Julieland, TX 43604",4
227,Rhonda Clark,junior software engineer,HTML,1968-07-21,2020-11-28,mthompson@example.com,17327062116,"USS Dudley, FPO AA 31951",3
334,Kendra Le,junior data scientist,SQL,1993-12-15,2007-02-23,lewisscott@example.net,1253381793688844,"09127 Strickland Ports Apt. 327, Danielsshire, GU 52671",17
257,Tammy Haynes,senior software engineer,DevOps,1969-10-05,2006-12-03,ewilson@example.com,2065872567,"6912 Krystal Park, South Stephen, NJ 90262",17
427,Mrs. Amanda Haney,senior data scientist,Natural Language Processing,1956-11-26,2012-03-14,patrick21@example.org,5029609783,"PSC 5029, Box 9223, APO AA 00828",12
70,Susan Taylor,junior software engineer,JavaScript,1955-12-06,2011-03-02,piercejamie@example.net,5049887265,"88673 Joseph Stream, North Alec, OH 14132",13
327,Kyle Baldwin,senior data engineer,Data Lakes,1955-07-19,2021-12-06,timothygriffin@example.com,9779280244,"74418 Jeremy Lane, New Walter, ID 05404",2
263,Dillon Johnson,junior data analyst,Excel,1992-05-20,2010-02-07,nicole39@example.net,617513971697847,"938 Jessica Grove Apt. 779, Smallberg, IL 14096",14
74,Pamela Carrillo,senior data engineer,Spark,1975-04-09,2023-02-26,ricebecky@example.com,8178641393,"0555 Warner Pass, Josephhaven, TX 28430",1
76,Jennifer Robinson,senior data engineer,Data Lakes,1992-07-29,2009-04-24,callahanwhitney@example.net,1222262344089958,"Unit 3435 Box 4798, DPO AP 31761",15
154,Tara Dean,senior software engineer,Cloud Computing,1991-09-13,2011-06-23,wandacarter@example.org,88287437504778,"USS Sherman, FPO AP 31150",13
93,Jennifer White,senior data analyst,Predictive Analytics,1994-02-12,2009-10-23,garcialaurie@example.org,14115767874,"9796 Williams Tunnel, Ryantown, PA 64299",14
276,Kenneth Steele,senior software engineer,Microservices,1962-08-26,2011-12-05,kristin47@example.net,3143409866710,"995 Daniel Mountain, Melindafurt, WV 67946",12
121,Donna Mccullough,senior data scientist,Machine Learning,1958-10-16,2008-08-28,davidpotter@example.org,17515776900337,"88220 Schneider Islands Suite 659, Johnsonfurt, SD 44406",16
79,Mark Mora,senior data engineer,Spark,1987-02-04,2020-07-21,bmeza@example.com,150626045573840,"04244 Rhonda Mills Suite 873, West Mollyfort, CO 10464",4
273,Thomas Thompson,junior data analyst,Excel,1992-04-06,2012-04-10,jenniferjohnson@example.net,18429768739,"81564 Hinton Isle Apt. 913, East Douglas, MI 18823",12
334,Ronald Johns,senior software engineer,Microservices,1997-10-19,2015-08-23,briggswanda@example.org,5325968157,"PSC 1365, Box 7567, APO AE 45778",9
23,Robert Ross,junior data analyst,Tableau,1961-07-20,2021-03-13,lori19@example.net,949713309863478,"36947 Connie Square, Amandaborough, WI 56575",3
455,Donald White,junior data engineer,Python,1981-06-21,2024-04-24,jill29@example.com,897288804331750,"9490 Sweeney Junction Apt. 146, Port Ravenfort, ME 44748",0
96,John Franco,senior data engineer,Data Lakes,1992-10-30,2022-03-02,harperjose@example.com,15628820222,"55609 Joseph Landing Suite 962, Pachecoberg, AS 05523",2
86,Zachary Miller,senior data analyst,Predictive Analytics,2005-11-06,2018-08-08,williamgraham@example.com,9357614654334,"795 Angela Branch Apt. 483, Lake Cynthiaport, NC 38766",6
425,Brenda Nguyen,senior data engineer,Spark,1960-02-14,2008-10-26,craig55@example.net,46543167770141,"Unit 8674 Box 5577, DPO AE 82822",15
7,Douglas Lester,senior data engineer,Data Lakes,1984-09-16,2022-09-09,allenmartin@example.org,41167965895919,"Unit 8608 Box 0296, DPO AP 61939",2
480,Nicole Weaver,senior data analyst,Data Modeling,1998-04-05,2022-01-02,greenerhonda@example.com,2437379398,"8970 Alan Court Apt. 632, Scottburgh, NY 93061",2
123,Gina Crawford,junior data engineer,ETL,1958-02-09,2013-01-28,pwalker@example.com,5146410359524,"2088 Lauren Orchard Apt. 328, Williamsborough, FM 58788",11
56,Javier Taylor,junior data analyst,SQL,1985-03-01,2009-08-20,hgrant@example.org,16867113716470,"5635 Paul Forks Apt. 415, Lake Monicashire, MD 03371",15
461,Kim Warren,junior data scientist,Data Visualization,1983-07-15,2006-10-07,jaybishop@example.com,1890634270057039,"8458 Patricia Alley Apt. 382, South Margaretstad, MP 09162",18
204,Todd Strong,junior data analyst,SQL,1977-10-14,2015-09-11,savannahmiller@example.com,173646494773679,"62190 Cooper Isle, Richardside, TN 97103",9
303,Louis Scott,junior data engineer,Data Warehousing,1986-08-08,2013-10-22,jodi98@example.com,1558663325776467,"260 Sean Walks, West Juan, FL 24685",10
153,Vanessa Powell,senior software engineer,Cloud Computing,1966-08-08,2017-12-09,balexander@example.net,6299682204,"899 Prince Forks, West Tyler, MI 54917",6
332,Daniel Rodriguez,junior data scientist,SQL,1976-09-07,2018-06-23,andersonscott@example.com,6483082165,"Unit 4709 Box 3883, DPO AE 21983",6
8,Shane Young,junior data engineer,Python,1982-04-27,2018-07-30,patriciasexton@example.org,308771262328649,"625 Brown Wells Apt. 968, Williamschester, NC 13457",6
96,Tiffany Perez,junior data scientist,Data Visualization,1986-08-03,2011-12-23,deborah22@example.net,13462474825,"965 Timothy Divide Apt. 777, East Nicholasville, HI 64743",12
467,Kevin Cooper,senior data engineer,Hadoop,1986-11-14,2020-04-20,caldwellnancy@example.com,19555605208844,"138 Daniels Via Suite 795, Michaelfurt, MO 20891",4
187,Lori Lee DDS,senior data scientist,Natural Language Processing,1991-11-01,2024-10-04,anthonyreynolds@example.net,1867354197539745,"USCGC Foster, FPO AA 06588",0
102,Bryan Delacruz,senior data analyst,Statistics,2005-05-17,2011-10-30,catherinebuck@example.org,8157660614,"704 Ronald Prairie Suite 200, Natalieville, NV 38332",12
433,Anthony Gomez,senior data analyst,Statistics,1983-02-04,2017-04-04,snyderkenneth@example.net,177691905876733,"72565 James Bypass Suite 435, Lake Daniel, PW 80175",7
480,Johnny Bryant,junior software engineer,JavaScript,1962-03-20,2014-11-02,karenthompson@example.net,4379162551,"8703 Brown Extensions, Aprilborough, FL 47178",9
144,Brent Garcia,junior data analyst,Tableau,1972-03-24,2022-01-27,jamesdelacruz@example.org,675569030509330,"78965 Melinda Lodge Suite 848, Port Natalie, OR 98268",2
492,Jasmine Garrison,senior data engineer,Data Lakes,1973-08-02,2022-01-08,ingramalbert@example.org,7236759592,"4142 Velez Station Apt. 814, Michelleland, ND 04994",2
233,Amber Watts,senior data scientist,TensorFlow,1986-08-21,2021-03-29,pconley@example.net,9762897977,"91335 Ryan Well, Larsonshire, IL 97978",3
376,Ashley Jordan,junior software engineer,CSS,1982-11-19,2015-03-25,obriennorman@example.com,9463166212,"1673 Troy Loop Suite 769, Cindyville, AR 64803",9
87,Daniel Mueller,junior software engineer,CSS,1992-11-25,2011-08-19,barnettrobert@example.com,19376551933930,"4007 May Corners, Port Derek, DE 34046",13
105,Jennifer Murphy,senior data scientist,Machine Learning,1995-10-28,2007-09-29,zking@example.net,25690858393888,"Unit 8705 Box 3426, DPO AA 44648",17
304,Lisa Young,junior software engineer,HTML,2005-10-30,2016-12-26,adamsnicole@example.net,444339388415313,"15765 Washington Club Suite 244, Lake Kylefurt, SD 40520",7
301,Karen Shepherd,junior data analyst,SQL,1956-01-19,2019-05-08,gabrielle60@example.org,123965579182583,"8414 Jonathan Streets Suite 477, Fowlerton, CA 09014",5
492,Eric Zhang,junior data engineer,Data Warehousing,2001-09-03,2005-05-31,ismith@example.com,6965587818,"772 Duncan Island Apt. 327, Randallshire, MH 02953",19
189,Christine Gibbs,senior software engineer,DevOps,1996-12-19,2005-11-12,joseph44@example.com,3122048884,"86007 Finley Grove Apt. 754, East Henryfurt, CO 31006",18
239,Charles Mcfarland,junior data engineer,Data Warehousing,1987-10-21,2021-06-15,wrightstephen@example.net,13358319664,"35462 Todd Locks Apt. 828, Lake Samuelmouth, ID 41783",3
297,Logan Hall,junior software engineer,HTML,1988-09-12,2008-03-08,williamjones@example.org,3955781659,"30771 Eileen Highway Apt. 870, East Scott, VT 03810",16
292,Timothy Collins,senior data engineer,Data Lakes,1962-08-26,2013-07-06,richardjohnson@example.net,2515742902665,"2205 Blair Forest Apt. 779, South Kristy, NV 71537",11
22,Tanner Shaw,junior data scientist,SQL,1967-11-19,2016-05-08,barry80@example.org,2519538977,"7528 Powell Locks, Adamtown, NY 23799",8
431,Tammy Adams,junior data analyst,Tableau,1997-02-04,2017-04-10,richardjohnson@example.org,49979213561988,"7048 Berger Harbors, Michelemouth, DC 78300",7
413,Lisa Davis,junior data analyst,Excel,1965-07-04,2010-05-18,albert96@example.com,5074573440,"039 Kyle Plain, Anthonyhaven, TN 52425",14
423,Kurt Elliott,senior data analyst,Data Modeling,1994-11-03,2007-04-03,williamsbrittany@example.org,6936513948,"668 Joshua Pines Apt. 898, East Jillianmouth, FL 45099",17
177,Cathy Rollins,junior data scientist,SQL,1990-05-07,2005-09-05,millerjill@example.net,9794441883072,"0874 Carol Estates Apt. 247, Paulbury, SD 01546",19
111,Michelle Davis,junior data analyst,Excel,1971-04-07,2024-03-03,ncooper@example.org,8237939801,"22972 Ashley Square, New Joshua, VT 60853",0
133,Mary Holt,junior data engineer,Data Warehousing,1989-05-30,2022-07-23,webstershannon@example.org,16644261336010,"645 Angie Forges, Smithside, ND 68258",2
332,Jessica Owens,junior data engineer,Data Warehousing,1966-11-10,2013-07-15,mchristian@example.org,1332581774040164,"29237 Murphy Way Apt. 498, Port Courtneyberg, VA 36131",11
189,Maurice Lopez Jr.,junior data scientist,SQL,2005-05-31,2004-10-29,lsmith@example.com,7684287120,"466 Tyler Meadow Apt. 236, Jamiemouth, NM 11717",19
443,Heather Mitchell,senior data scientist,TensorFlow,1991-08-12,2007-10-05,vholloway@example.org,49927828389948,"Unit 0238 Box 8640, DPO AA 16205",17
248,Aaron Calhoun,junior data analyst,Tableau,1967-01-17,2020-01-03,jennifer93@example.com,48257452652830,"750 Shannon Villages Suite 554, Whiteberg, MT 28272",4
370,Alex Li,junior data engineer,ETL,1991-12-08,2017-07-23,molly23@example.net,55357479729486,"5419 William Land, Cooperburgh, VA 91551",7
413,Veronica Petersen,junior data analyst,Tableau,1957-08-08,2017-05-11,hammondbrittany@example.org,4203190647,"37626 Ricky Club, Alexanderton, NV 26421",7
274,Donna Paul,junior data analyst,Tableau,1981-11-16,2007-04-09,dbrown@example.net,15567705122,"17432 Aaron Squares, Brandonmouth, MP 07203",17
431,Richard Wright,junior software engineer,CSS,2001-12-07,2015-04-08,davisbrian@example.com,3624968525,"USCGC Rosario, FPO AA 37076",9
40,Jeffrey Mendoza,junior data engineer,Data Warehousing,1971-09-20,2005-04-27,mproctor@example.net,4719532486,"6022 Katherine Meadow Apt. 050, Newtonberg, MN 52918",19
383,Shawn Erickson,senior data analyst,Predictive Analytics,2005-09-05,2020-05-18,fernandojohnson@example.org,949862992016638,"6110 Bell Mountain Suite 197, North Peterhaven, MP 79857",4
48,Michael Taylor,junior data scientist,Data Visualization,2005-02-05,2019-09-17,angel06@example.org,8218843319,"276 Gabriel Lodge, Adamsfurt, CO 49899",5
5,John Jackson,senior data analyst,Data Modeling,1970-11-17,2015-01-03,egarcia@example.com,6686839301749,"78595 Pratt Spur Suite 536, North Williamside, AR 22276",9
381,Ronald Powell,senior data scientist,TensorFlow,1968-11-28,2011-04-08,gevans@example.net,3812313779267,"86842 Antonio River, Michaelchester, CA 39062",13
54,Kathleen Gibbs,junior software engineer,HTML,1996-06-05,2009-02-10,losborne@example.net,15018980418,"5473 Lawrence Tunnel Suite 831, Newtonfort, FL 35717",15
182,Cindy Combs,junior data scientist,Data Visualization,1990-11-19,2014-07-14,paulsweeney@example.net,99273717058918,"77953 Brent Tunnel, Alanburgh, PR 56247",10
117,Susan Boyer,junior data scientist,SQL,1963-01-05,2013-03-08,walkerkathleen@example.net,30952459208190,"28252 Donovan Plains Suite 353, Lake Alan, WY 99745",11
256,David Duran,junior data engineer,Data Warehousing,1986-01-03,2019-09-11,vaughnmiranda@example.com,880385684670365,"017 Derrick Gardens, Campbellmouth, WA 02812",5
180,Tyler Mejia,senior software engineer,Microservices,1958-03-04,2012-05-20,wcoleman@example.com,3663289014,"00894 Fox Greens Suite 492, Lake Scottchester, IA 21378",12
86,Elizabeth Jones,junior software engineer,JavaScript,1967-09-06,2021-08-15,brandi11@example.org,5137575283788,"Unit 1031 Box 2641, DPO AE 93305",3
469,Sylvia Moody,senior data scientist,TensorFlow,1954-10-27,2008-11-13,debbiecarpenter@example.org,39736202658143,"2631 Garcia Stream, Craigmouth, ND 55155",15
184,Christopher Weber,junior data scientist,Data Visualization,2003-04-12,2005-06-04,dana47@example.com,575783882711774,"83984 Anderson Street, New Kathyside, NH 94343",19
432,Brandon Ward,senior data engineer,Hadoop,1957-07-14,2015-10-02,vcross@example.com,54377190821720,"969 Arias Meadow Apt. 153, Acostaside, WI 32323",9
218,Terry Gilbert MD,senior data scientist,Machine Learning,1966-03-30,2006-09-08,bauerjoseph@example.com,4055171339,"683 Rasmussen Mountain, Port Jasonmouth, UT 67544",18
270,Luke Pratt,junior data analyst,Excel,1988-02-13,2010-08-19,cathy00@example.org,7065304935,"PSC 4626, Box 7884, APO AA 47957",14
172,Brian Collins,senior software engineer,Microservices,1969-12-12,2007-05-24,melissa04@example.org,148334785263835,"13795 Alexander Walks Suite 140, Littlehaven, MN 72742",17
7,Elizabeth Dunn,senior software engineer,Microservices,1976-10-21,2020-06-18,xrussell@example.org,5964189270,"7994 Joyce Extension Apt. 278, East Robert, TN 34617",4
478,Brian Ali,senior data scientist,Natural Language Processing,1973-12-15,2007-04-11,maryfischer@example.org,6374272841,"69221 Wade Trafficway, Port Jenny, ID 79414",17
21,Ashley Curry,senior software engineer,DevOps,1967-02-13,2016-04-02,jill01@example.net,244705586570311,"3998 Chelsey Mills Apt. 616, West Taylor, TN 43466",8
165,William Padilla,senior data analyst,Data Modeling,1987-04-16,2007-03-26,cruzmichael@example.com,5257041815,"8435 Yolanda Route, Port Joshuaborough, GA 28024",17
234,Shannon Baldwin,junior software engineer,CSS,1955-07-22,2007-12-15,gregorychapman@example.net,218258170846151,"467 Steven Grove Apt. 417, South Angela, CO 73708",16
151,Susan Sanders,senior data scientist,TensorFlow,1955-06-23,2005-03-27,csmith@example.com,347454265059179,"074 Sandoval Haven Apt. 324, Codybury, MN 14975",19
489,John Woods,junior data scientist,Python,1973-07-20,2021-04-10,icase@example.net,745798210310285,"677 Raymond Square, West Andrewchester, PA 96234",3
123,Stephen Austin,junior data analyst,Tableau,1981-08-05,2007-09-02,chris11@example.net,41483676653115,"8940 David Street, North Cynthiafurt, TX 11096",17
246,Steven Bruce,senior data analyst,Predictive Analytics,1986-02-21,2008-02-20,kyle53@example.org,499666171581737,"62204 Benjamin Villages, West Jacobview, MO 45378",16
95,Erin Whitney,junior data analyst,Tableau,1989-12-09,2021-05-10,tanyafoley@example.com,561850578447364,"199 Jensen Light Suite 717, Harrisstad, PR 67514",3
409,Ryan Larson,junior data analyst,SQL,1974-01-08,2008-07-18,alexanderaustin@example.net,6326893968,"82292 Peter Courts, West Jillian, OR 13492",16
250,Katelyn Larson,senior data scientist,Machine Learning,1982-05-18,2015-11-14,lisaparsons@example.net,529224777741931,"USNS Anthony, FPO AP 26814",8
321,Anthony Reyes,junior software engineer,CSS,2000-09-23,2018-09-17,markstrong@example.org,1798558415712506,"69358 Lee Valley, Foleyland, AK 77389",6
315,Robert Peterson DVM,junior data scientist,Python,1991-12-06,2014-03-15,charlenechen@example.net,7187826912451,"670 Louis Crest Apt. 133, Port Jill, NH 75922",10
468,Tyler Lewis,senior data analyst,Predictive Analytics,1967-11-12,2013-03-07,jamesgarcia@example.org,141125914811916,"8695 Alexandra Shoals, Smithberg, NE 33288",11
431,Ronald Graham,senior data scientist,TensorFlow,2000-04-27,2022-04-14,hendersonjeffrey@example.com,192530713263867,"23512 Kevin Circle Suite 697, Port Tina, NJ 84064",2
264,Michelle Johnson,senior data scientist,Natural Language Processing,1960-10-26,2005-06-21,jessica97@example.com,2718457802,"0025 Donald Shoal, Port Rebeccaborough, WI 90285",19
342,Kyle Allen,junior software engineer,CSS,1996-03-24,2021-09-23,natasha95@example.net,500413671437277,"9733 Hampton Junctions, Williamton, DC 41608",3
410,Kimberly Murphy,junior data analyst,SQL,2005-12-21,2017-07-16,sotoleslie@example.net,6354033180,"02678 Harris Wells Apt. 541, Port Theresahaven, PR 06411",7
259,Mrs. Nicole Morgan DDS,junior data engineer,Python,1979-05-19,2014-09-12,joshuasandoval@example.net,509330437979786,"112 Horne Ferry, Bryanshire, MA 18483",10
341,Kelly Castro,senior data scientist,TensorFlow,1998-01-16,2009-07-26,opatterson@example.com,2588536938756,"5025 Baldwin Neck, Port Jamestown, SD 88932",15
100,Courtney Kelly,senior data analyst,Data Modeling,1954-11-01,2017-08-11,moodyjacob@example.com,13583309512,"7345 Blackburn Islands Suite 781, Christopherville, AZ 39565",7
43,Emily Hahn,junior data engineer,ETL,1973-11-05,2021-03-27,bhill@example.com,6798734384,"0785 Green Burg, Wadeside, DE 55188",3
444,Maria Wagner,junior data scientist,Data Visualization,1998-04-26,2024-01-22,zlarson@example.com,624338525721917,"249 Joshua Mountains Suite 128, Parkerside, OK 27924",0
38,Richard Smith,junior data scientist,SQL,1984-07-13,2023-10-19,morrowangel@example.org,7675027614,"423 Stewart Lock Apt. 487, Port Donnashire, DC 68068",0
371,Michael Orozco,senior software engineer,Microservices,1963-11-16,2021-08-20,candrade@example.com,177674825949474,"492 Nicholas Shoal, Tanyaborough, VA 91267",3
361,Mary Moss,senior data analyst,Data Modeling,2006-03-28,2011-07-07,tracyclark@example.net,5214835488103,"907 Vincent Union Apt. 433, Penabury, CT 08747",13
202,Cindy Strickland,junior data engineer,Python,1954-11-13,2011-04-20,hermanbrian@example.org,1959905200206463,"417 Dean Squares Suite 311, North Josehaven, DE 57255",13
314,Dawn Cooley,senior data engineer,Data Lakes,1997-08-19,2010-01-13,xharris@example.org,587491802035980,"29101 William Streets, East Erin, MI 90285",14
49,Emily Phillips,senior data engineer,Data Lakes,1995-06-15,2020-04-12,jonathancampbell@example.net,4638780229,"3530 Patricia Islands Suite 939, Shawnbury, ND 96592",4
77,Cynthia Washington,senior software engineer,DevOps,1995-07-03,2012-11-07,chaserichardson@example.com,77760593906316,"80037 Mary Springs Suite 433, South Lisa, SD 22212",11
4,Paul Richardson,senior data engineer,Hadoop,1998-09-07,2020-07-18,michelleturner@example.com,1322730774123718,"185 Vargas Landing Suite 749, Smithmouth, PW 09975",4
326,Mark Wagner,senior data engineer,Spark,1994-09-07,2015-01-31,johnsonpaul@example.com,276284622818706,"Unit 6162 Box 5796, DPO AA 14054",9
311,Rachel Montoya,junior data scientist,Data Visualization,1997-03-29,2009-08-03,coxkevin@example.org,3485993477,"54353 Lyons Trail Suite 046, Munozborough, CO 51076",15
104,Steven Malone,senior software engineer,Microservices,1963-05-02,2024-06-10,michaeljenkins@example.com,9333490027,"05879 Mary Cove, South Alex, MA 21161",0
99,Amy Martin,junior data scientist,SQL,1978-09-06,2010-08-14,brian77@example.com,8679406878,"1032 Matthews Springs, North Chadmouth, VI 46694",14
32,Tanya White,senior data analyst,Data Modeling,1997-10-20,2017-07-30,lisarogers@example.net,5406588206,"69405 Zachary Land, East Nicholas, AR 02176",7
147,Charles Mullins,senior software engineer,Microservices,1996-08-21,2016-05-25,ngonzales@example.org,7199069991,"5288 Caldwell Road, East Laurie, WY 45411",8
167,Danielle Velez,senior software engineer,DevOps,1977-04-13,2023-03-04,steven58@example.net,16065311024,"71503 Richard Islands Suite 040, New Tony, PW 04091",1
37,Joshua Gay,junior data engineer,Data Warehousing,1986-10-19,2014-10-07,jacob33@example.net,125991897849239,"11846 Brown Highway Apt. 120, Dianafort, LA 65816",10
288,Steven Howard,junior data analyst,SQL,2002-03-21,2011-11-30,mary96@example.net,7977168981048,"8302 William View Apt. 709, New Leslieport, IL 96712",12
72,Shawn Craig,senior data analyst,Predictive Analytics,1982-09-01,2018-03-09,joyce88@example.org,1218507453266484,"1744 Green Loop, Bartonberg, ND 10389",6
98,Lawrence Hobbs,senior software engineer,Cloud Computing,1956-08-20,2008-03-27,rbrown@example.net,266640324846964,"9194 Smith Square, North Rebecca, NM 41816",16
393,Ryan Johnson,junior data analyst,Excel,1997-10-07,2014-11-02,xdixon@example.org,760522683255719,"USCGC Lewis, FPO AE 41371",9
343,Lisa Beck,senior data engineer,Data Lakes,1992-04-29,2013-08-11,phillip79@example.net,47841721340745,"01177 Carol Crescent, Markborough, MH 66403",11
255,Molly Vang,senior software engineer,DevOps,1958-08-04,2010-03-30,frederickchristopher@example.org,5034709533,"16492 Tyler Land Apt. 536, Jessicaview, WA 72812",14
495,Timothy Roman,senior data engineer,Spark,1996-07-26,2011-11-05,anngeorge@example.net,13402172114821,"515 Aimee Centers Suite 626, Williamsonport, OK 40281",12
415,Corey Smith,senior data scientist,Natural Language Processing,1958-09-14,2014-03-28,jeffrey33@example.org,7746248091,"6972 Wright Field Suite 431, West Aaron, MD 79006",10
125,Matthew Bernard,junior software engineer,HTML,2004-03-26,2016-04-11,rwalker@example.com,3255353582,"1775 Cruz Turnpike Suite 848, Chambersview, ID 51974",8
241,Elizabeth Thomas,senior data scientist,Machine Learning,2000-12-23,2016-11-23,whiteerin@example.net,9917402263,"578 Erin Path, Bowmanstad, IL 07212",7
373,Tina Collins,senior data engineer,Data Lakes,1999-02-08,2021-05-13,porterchristopher@example.org,166923266266383,"Unit 7391 Box 9914, DPO AP 35918",3
281,Brenda Lopez,junior data analyst,SQL,1955-07-24,2009-09-05,thomasshelia@example.net,9468455405,"3728 Alexandra Landing, South Latoya, NE 44768",15
165,Austin Stone,senior data engineer,Spark,1963-09-24,2017-04-02,terri69@example.org,7356693337620,"335 Anderson Pine Apt. 470, Jenniferton, DE 15237",7
248,Brett Patton,junior data analyst,Excel,1957-04-17,2022-03-05,posborne@example.com,2542442897,"183 Stephanie Stravenue, South Alexanderfort, VT 05361",2
149,Stephen Montes,senior data scientist,Machine Learning,1999-12-02,2023-07-15,shawnaterry@example.com,48045163711195,"8786 Jennifer Plaza Suite 835, Port Robert, DC 56549",1
152,Tracey Wang,senior data analyst,Predictive Analytics,1965-11-13,2016-09-21,lsilva@example.org,1793297015761953,"89476 Jones Rue Apt. 955, Ericville, MP 70821",8
210,Joshua Flores,senior software engineer,Microservices,1973-04-13,2011-05-05,qchen@example.com,3519317001,"40022 Dawn Place Apt. 209, East Brianaside, TN 38333",13
400,Kristen Holmes,junior data engineer,Python,1973-12-25,2012-07-27,paulray@example.net,2222370712,"3962 Bobby Mountain, Christinefort, WV 07587",12
34,Timothy Ray,junior data scientist,Data Visualization,1984-12-20,2011-05-02,robertsbrian@example.net,1998289022232601,"32967 Herrera Rapid, New Krystal, UT 23419",13
440,Haley Chen,junior data engineer,Data Warehousing,1990-10-09,2013-10-06,shortangela@example.org,6809631406420,"7961 Patrick Orchard, Ethanstad, NM 13960",11
154,John Beck,senior software engineer,DevOps,1981-06-07,2020-07-28,bondsusan@example.org,1504924873747443,"28917 Thomas Radial, West Amberchester, RI 40042",4
336,Anthony Williams,junior software engineer,JavaScript,1963-08-15,2009-03-23,gbaldwin@example.com,3739200800,"91846 Michael Parks, Aliciachester, FM 07171",15
86,Michael Harris,senior data engineer,Data Lakes,1965-10-03,2007-03-27,garrisonjoshua@example.net,19255809183106,"27675 Rodriguez Underpass Apt. 455, Port Logan, PW 40494",17
70,Kimberly Cross,senior data scientist,TensorFlow,1971-05-03,2014-03-11,keaton@example.net,69767307514696,"Unit 4419 Box 3311, DPO AP 82077",10
255,Ebony Cox MD,junior data analyst,Excel,1997-05-09,2005-11-02,kevin55@example.net,8573194818,"490 Wells Pine Suite 130, Kennethland, HI 59675",18
379,Terry Richards,junior software engineer,HTML,1985-07-21,2016-05-07,johnramirez@example.com,2169268599,"389 Kaitlyn Haven Apt. 294, West Andrewhaven, GU 81284",8
132,Heather Aguilar,senior data scientist,Natural Language Processing,1986-01-15,2011-08-30,qgillespie@example.com,89089888228427,"90754 Brian Shores, North Joshuaborough, VT 20838",13
217,Laura Gonzalez,senior data scientist,TensorFlow,1993-08-08,2010-09-27,adamskatherine@example.com,137252538507222,"362 Elizabeth Pines Apt. 598, East Jamie, WV 39711",14
212,Kristy Richards,junior data scientist,Python,1978-06-18,2009-01-05,katie35@example.org,5122390885144,"3834 Miller Passage Suite 440, North Kyle, GA 62562",15
455,Connie White MD,junior data analyst,Tableau,1981-11-28,2006-12-14,vasquezamanda@example.com,17483610370,"17664 Yates Meadows Apt. 803, Kathrynside, DE 33543",17
123,Eric Jackson,senior data scientist,Machine Learning,2002-11-10,2024-06-02,gina89@example.org,7715718065,"008 Anderson Greens Apt. 810, South Catherine, AL 75697",0
115,Seth Lee,senior data analyst,Data Modeling,1989-03-10,2008-08-09,thompsonheather@example.net,16105299751585,"93645 Theodore Knolls Suite 725, Williamsonborough, RI 70810",16
420,Kevin Hicks,senior data engineer,Hadoop,1978-06-25,2019-10-25,douglas14@example.net,16764503431,"17490 Johnathan Dam Suite 902, Markfort, GU 35487",4
157,Jeremy Rangel,senior data engineer,Hadoop,1984-05-15,2023-08-15,rebeccarodriguez@example.com,2478111919,"74184 Andrew Place, Scottshire, IN 34126",1
376,Ms. Tara Walters,senior data engineer,Hadoop,1961-02-22,2018-06-08,jordanrivera@example.net,2079029469498,"17254 Hopkins Greens Suite 424, Paulborough, ID 11988",6
388,Brandon Guerrero,senior data engineer,Spark,1991-05-07,2007-02-11,michaelwalker@example.org,1932460720574206,"264 Copeland Via, Richardsonshire, VA 22321",17
413,Diane Simpson,junior data analyst,Excel,2003-04-30,2014-12-21,baileymurphy@example.net,6156972175,"86845 Jackson Hills Apt. 487, South Debra, AR 19665",9
366,Carly Garcia,senior data scientist,Machine Learning,1979-10-14,2007-03-08,stacydouglas@example.com,4987846666432,"28799 Jennifer Drive, Port Michael, MS 12187",17
96,Judy Wheeler,junior data analyst,Excel,1956-06-11,2013-08-10,zachary79@example.com,6075419611915,"79695 Michael Plains, South Angelaberg, MS 90144",11
126,Douglas Brown,junior data analyst,SQL,2003-03-20,2023-08-01,rowethomas@example.net,13663534333170,"1477 Smith Crossing Suite 947, Heathermouth, PR 82780",1
263,Brandi Drake,junior data analyst,Tableau,1968-08-14,2013-06-21,georgelee@example.com,17906201995828,"475 Lee Curve, East Daniel, AR 33980",11
162,Jessica Saunders,senior data scientist,Machine Learning,1963-09-23,2016-05-23,carmen03@example.com,557426589364855,"999 Daniel Road Apt. 522, Caldwellfurt, AZ 06024",8
103,Jonathan Willis,senior data analyst,Predictive Analytics,1957-06-29,2006-06-28,smithjohn@example.net,6438202675,"0361 Clinton Falls, East Cheryl, IN 64764",18
15,Ashley Martinez,senior data analyst,Statistics,1987-06-20,2017-04-26,tylercharles@example.org,5278142158644,"4662 Quinn Hollow Apt. 898, Brownton, PR 68384",7
436,Wanda Campbell,senior data analyst,Predictive Analytics,1980-04-07,2014-11-07,ryan16@example.com,12054150290,"9272 David Courts, West Keith, ME 53326",9
467,Lauren Williams,junior data analyst,Excel,1995-09-01,2005-04-25,garciajonathan@example.net,1460330722535172,"25003 Larson Terrace, Whiteshire, ME 56722",19
107,Michael Barnes,senior software engineer,DevOps,1966-10-08,2005-06-01,michelle03@example.net,55729850119778,"5614 Charles Pass Suite 433, South Mary, HI 50848",19
61,Kathryn Cummings,senior data scientist,Natural Language Processing,2003-11-30,2009-11-03,victoriagonzales@example.com,4466421873,"USS Moore, FPO AE 72173",14
335,Christina Henderson,senior software engineer,Cloud Computing,1982-08-18,2018-05-16,woodardlaura@example.com,3308770632758,"08673 Cherry Road, Rileyhaven, KS 03230",6
492,Mrs. Alexandra Wall MD,senior data scientist,Natural Language Processing,2000-02-28,2020-03-23,christophersnyder@example.org,80180035871830,"63837 Laura Springs, Ruizville, SD 84150",4
281,Rachel Potts,junior software engineer,HTML,1985-11-06,2010-10-11,moorealan@example.com,5658596246295,"278 Tara Lights, Port Cynthia, CO 07309",14
320,Melanie Arellano,junior software engineer,HTML,1985-04-19,2014-01-17,taylorking@example.org,197456295868965,"585 Michael Dam, Spencerland, IN 35593",10
35,Dawn Alvarado,junior data analyst,Excel,1964-11-11,2011-08-07,jamie25@example.net,19583663659,"9008 Christie Isle, Lake Seanside, NM 07015",13
396,Shawn Griffith,junior data analyst,Tableau,1961-08-08,2023-12-19,bmorales@example.net,9063057865852,"PSC 0772, Box 0437, APO AP 15591",0
23,Tracy Fisher,junior software engineer,CSS,2001-08-13,2006-05-13,saundersashley@example.org,8883003821,"782 Roberts Village Suite 626, Davisport, MN 94812",18
73,Carol Gonzales,junior data analyst,Tableau,1962-09-13,2012-02-29,hancockcynthia@example.com,15077386238,"68680 Andrew Burgs Apt. 639, Markchester, ND 07346",12
311,Tracy Mcintosh,junior data analyst,SQL,1989-08-27,2023-09-10,williamscarlos@example.org,7943058145908,"7107 Brown Summit, Gallagherstad, SC 56927",1
268,Sheila Gibson,junior software engineer,JavaScript,1980-07-03,2024-08-08,kristin55@example.org,5414275062211,"491 Rojas Ways, Sergioton, NJ 63996",0
301,Holly Adams,senior software engineer,Microservices,1959-10-13,2010-04-16,sarah44@example.org,14789408876688,"737 David Trail, East Whitney, PR 17197",14
78,Kayla Diaz,junior software engineer,CSS,1987-04-22,2004-11-12,carlagreen@example.net,4042779469530,"574 Jill Port Suite 108, New Thomasport, IN 79393",19
471,Matthew Jones,junior data scientist,Python,1972-06-21,2010-06-27,scotttimothy@example.org,16393563038,"USNS Washington, FPO AA 85042",14
144,Christopher Mckee,junior software engineer,HTML,2000-07-27,2008-05-03,david73@example.com,163957386758248,"7238 Molly Brooks, East Jesseburgh, ND 71787",16
386,Melissa Taylor,senior data analyst,Predictive Analytics,1982-12-25,2017-07-09,gilbert18@example.org,4626925987012,"961 Rose Heights, Parkport, PR 09481",7
125,Nathan Warren,senior data engineer,Data Lakes,1992-05-15,2006-10-22,jessica34@example.org,18102104400,"76534 Houston Shore Apt. 032, Maryview, WI 56816",17
410,Stefanie Hopkins,senior data analyst,Data Modeling,1986-09-30,2008-11-28,garzakristy@example.com,14375296244252,"PSC 2694, Box 8650, APO AA 91782",15
452,Connor Austin,junior data analyst,SQL,1986-11-05,2009-02-18,chernandez@example.org,4952994076,"94104 Glenn Gardens, Barbaramouth, NV 12299",15
320,Amanda Chen,senior data engineer,Hadoop,2004-01-19,2022-04-05,jenniferpatterson@example.net,4007101970,"559 Marie Fork Apt. 113, South Christinaberg, IN 64393",2
38,Richard Young,junior data engineer,ETL,1955-09-30,2020-08-17,nicholas42@example.org,1426327647158531,"Unit 3681 Box 4081, DPO AA 60356",4
495,Samantha Bright,senior data analyst,Predictive Analytics,1965-11-12,2015-07-11,sheenamcconnell@example.com,15886886040011,"40399 Baker Stream, Andreaview, NC 15978",9
131,Desiree Perkins,junior data scientist,SQL,2005-05-10,2016-07-07,pcole@example.net,9467411825,"62281 Glenn Pike, New Donald, KY 64802",8
265,Ricky Curry,junior data scientist,SQL,1971-07-16,2018-09-03,elizabethvazquez@example.org,6779075975,"9260 Valerie Centers Apt. 290, Laurenstad, CT 21235",6
277,Dr. Devin Miller PhD,junior software engineer,CSS,1987-09-07,2015-07-14,mccormickkaren@example.net,19758775583,"25071 Hale Route Apt. 055, South Danielhaven, CO 35636",9
407,Stephen Murray,senior data engineer,Data Lakes,2004-03-29,2005-05-22,josephle@example.com,18637458509836,"7659 Chloe Cliffs Suite 866, Thomaston, PR 13069",19
421,Rebekah Todd,junior software engineer,CSS,1953-12-20,2016-12-15,kbeltran@example.net,6797985714,"46063 Hill Inlet, North Meghan, NV 56843",7
94,Ariel Howell DDS,junior data analyst,SQL,1997-09-30,2024-04-17,danielle90@example.org,18117049625,"716 Anna Corners, East Brittneyshire, FM 97274",0
368,Marcus Harris,senior data scientist,TensorFlow,2005-07-27,2013-10-29,kyle94@example.org,16312051519813,"Unit 0407 Box 2513, DPO AA 01548",10
285,Ann Flores,junior data scientist,Python,1995-09-30,2006-02-25,jessicalove@example.net,422482924638627,"PSC 4724, Box 1937, APO AA 89114",18
429,Robert Orr,junior data engineer,ETL,1975-10-04,2012-09-10,kathyjohnson@example.org,1693457319770613,"9253 Nancy Crossing Apt. 014, New Catherine, NV 14695",12
374,Alexander Jones,senior data scientist,Natural Language Processing,1976-11-01,2005-08-03,nicholsricardo@example.org,3762645870712,"3512 Oneal Meadows, Cruzfort, NM 49855",19
178,Thomas Coleman,junior data scientist,Python,1959-07-29,2018-05-31,flam@example.org,7925040356,"3807 Salinas Mill Apt. 970, North Stephanie, LA 33757",6
363,Kimberly Brown,senior data engineer,Spark,1963-07-04,2020-01-01,robert16@example.com,16323060641,"078 Steven Mission Suite 879, Lake Amber, KY 53216",4
391,Kristi Martinez,senior data engineer,Data Lakes,1980-11-01,2012-07-14,christina56@example.net,185170505884984,"863 Arnold Highway Suite 051, Tylershire, UT 00894",12
27,Bradley Meyers,senior data scientist,TensorFlow,1993-07-12,2013-01-10,charles96@example.com,421323003017163,"11833 Hughes Branch, Karlhaven, NC 77832",11
94,Virginia Smith,junior data engineer,ETL,1995-09-08,2007-12-15,kenneth74@example.net,3667111219,"08823 Sarah Square Apt. 413, Rodriguezland, NH 60858",16
411,Melanie Holder,senior data engineer,Hadoop,1976-05-09,2019-11-10,emilycrawford@example.org,872352706978436,"195 Donald Rapid, Jacobsberg, MP 46142",4
249,Ryan Marshall,senior software engineer,DevOps,1977-07-21,2017-10-19,browndavid@example.org,3847862032057,"PSC 0251, Box 9756, APO AA 19442",6
85,Cody Baker,junior data engineer,ETL,1974-07-12,2004-11-17,caitlinperry@example.org,96225801730266,"391 Duncan Gateway, East Natalie, WV 96438",19
47,Haley Curtis,senior data scientist,Natural Language Processing,1970-07-06,2012-02-19,april83@example.org,1381765874989730,"075 Allen Divide, New Meaganchester, MI 80616",12
240,Rebecca Perez,junior data analyst,Excel,1961-08-26,2005-01-04,sarahpatel@example.com,17743092358,"5990 Steven Greens Apt. 504, Powersshire, KS 01520",19
